x_pixels,x_angle_deg,x_mm,profile,profile_norm,smoothed,smoothed_norm,gradient
0,-2.7999999999999994,-22.008671739380244,39192.23,0.93880886,38828.17636873244,0.9300883163582216,6.228940540750045
1,-2.7978429403545566,-21.99168973958134,39551.703,0.94741964,38834.40530927319,0.9302375241079038,6.225758341130131
2,-2.795685872771693,-21.974707739782435,39794.51,0.95323586,38840.6278854147,0.930386579405065,6.219393941893941
3,-2.793528797257481,-21.95772573998353,39425.88,0.9444057,38846.84409715698,0.9305354822497054,6.2130295426541124
4,-2.791371713817991,-21.940743740184626,39376.688,0.94322735,38853.05394450001,0.9306842326418245,6.206665143410646
5,-2.7892146224592946,-21.92376174038572,39165.34,0.9381647,38859.2574274438,0.9308328305814226,6.200300744174456
6,-2.787057523187462,-21.906779740586817,39268.883,0.940645,38865.45454598836,0.9309812760685,6.193936344934627
7,-2.7849004160085666,-21.889797740787913,39394.105,0.9436446,38871.64530013367,0.9311295691030561,6.187571945694799
8,-2.782743300928679,-21.872815740989008,39348.566,0.94255376,38877.82968987975,0.9312777096850914,6.181207546454971
9,-2.78058617795387,-21.855833741190104,39098.867,0.93657243,38884.00771522658,0.9314256978146055,6.174843147215142
10,-2.778429047090212,-21.8388517413912,38946.54,0.9329236,38890.17937617418,0.9315735334915988,6.168478747975314
11,-2.7762719083437783,-21.821869741592295,39360.516,0.94284,38896.34467272253,0.9317212167160709,6.162114348735486
12,-2.77411476172064,-21.80488774179339,39101.04,0.93662447,38902.50360487165,0.9318687474880222,6.155749949495657
13,-2.771957607226869,-21.787905741994486,39192.05,0.93880457,38908.65617262152,0.9320161258074522,6.149385550255829
14,-2.7698004448685385,-21.77092374219558,39138.01,0.93751013,38914.80237597216,0.9321633516743615,6.143021151019639
15,-2.7676432746517206,-21.753941742396677,39302.77,0.94145674,38920.94221492356,0.9323104250887497,6.136656751776172
16,-2.7654860965824883,-21.736959742597772,39361.938,0.942874,38927.075689475714,0.9324573460506168,6.130292352536344
17,-2.763328910666914,-21.719977742798868,39043.35,0.93524265,38933.202799628634,0.932604114559963,6.123927953300154
18,-2.7611717169110706,-21.702995742999963,39233.965,0.9398086,38939.323545382314,0.9327507306167881,6.117563554060325
19,-2.759014515321032,-21.68601374320106,39259.258,0.9404144,38945.437926736755,0.9328971942210924,6.111199154820497
20,-2.7568573059028707,-21.669031743402154,38971.203,0.9335144,38951.545943691955,0.9330435053728756,6.104834755577031
21,-2.7547000886626596,-21.65204974360325,38795.902,0.92931527,38957.64759624791,0.9331896640721375,6.098470356337202
22,-2.7525428636064735,-21.635067743804345,38593.613,0.92446965,38963.74288440463,0.9333356703188788,6.092105957101012
23,-2.750385630740385,-21.61808574400544,38772.17,0.9287468,38969.83180816211,0.9334815241130989,6.0857415578611835
24,-2.7482283900704676,-21.601103744206537,38735.582,0.92787033,38975.91436752035,0.933627225454798,6.079377158621355
25,-2.746071141602796,-21.584121744407632,38524.027,0.92280275,38981.990562479354,0.9337727743439762,6.073012759381527
26,-2.743913885343444,-21.567139744608728,38691.105,0.92680496,38988.060393039115,0.9339181707806333,6.0666483601416985
27,-2.7417566212984856,-21.550157744809823,38701.94,0.92706454,38994.12385919964,0.9340634147647694,6.06028396090187
28,-2.7395993494739943,-21.53317574501092,38680.645,0.9265544,39000.18096096092,0.9342085062963845,6.05391956166568
29,-2.737442069876046,-21.516193745212014,39103.164,0.93667537,39006.23169832297,0.9343534453754788,6.0475551624258514
30,-2.735284782510715,-21.49921174541311,39431.086,0.9445304,39012.27607128577,0.934498232002052,6.041190763182385
31,-2.7331274873840745,-21.482229745614205,39384.86,0.9434231,39018.31407984933,0.934642866176104,6.034826363942557
32,-2.7309701845022003,-21.4652477458153,39404.344,0.94388986,39024.345724013656,0.9347873478976351,6.028461964706366
33,-2.7288128738711674,-21.448265746016396,39047.496,0.9353419,39030.371003778746,0.9349316771666454,6.022097565466538
34,-2.7266555554970515,-21.431283746217492,39105.863,0.93674004,39036.38991914459,0.9350758539831344,6.015733166223072
35,-2.7244982293859263,-21.414301746418587,39079.902,0.9361182,39042.40247011119,0.9352198783471024,6.009368766986881
36,-2.7223408955438675,-21.397319746619683,39149.99,0.937797,39048.40865667856,0.9353637502585497,6.003004367747053
37,-2.720183553976952,-21.38033774682078,38742.94,0.92804664,39054.408478846686,0.9355074697174757,5.996639968503587
38,-2.7180262046912533,-21.363355747021874,38798.58,0.92937934,39060.40193661557,0.9356510367238807,5.990275569267396
39,-2.7158688476928488,-21.34637374722297,38816.957,0.9298196,39066.38902998522,0.935794451277765,5.983911170027568
40,-2.7137114829878133,-21.329391747424065,38715.23,0.9273828,39072.369758955625,0.9359377133791279,5.97754677078774
41,-2.711554110582223,-21.31240974762516,38959.137,0.93322533,39078.3441235268,0.93608082302797,5.971182371551549
42,-2.7093967304821542,-21.295427747826256,38958.445,0.9332088,39084.31212369873,0.9362237802242912,5.964817972308083
43,-2.707239342693683,-21.27844574802735,38836.316,0.9302833,39090.27375947141,0.9363665849680912,5.958453573068255
44,-2.7050819472228858,-21.261463748228447,39051.516,0.9354382,39096.229030844865,0.9365092372593703,5.952089173828426
45,-2.70292454407584,-21.244481748429543,39045.54,0.93529505,39102.17793781907,0.9366517370981283,5.945724774588598
46,-2.7007671332586205,-21.22749974863064,38803.98,0.92950875,39108.12048039404,0.9367940844843654,5.939360375352408
47,-2.698609714777305,-21.210517748831734,38914.598,0.93215847,39114.056658569774,0.9369362794180816,5.932995976112579
48,-2.6964522886379707,-21.19353574903283,39015.387,0.93457276,39119.98647234627,0.9370783218992766,5.926631576872751
49,-2.6942948548466936,-21.176553749233925,39022.062,0.9347327,39125.90992172352,0.9372202119279507,5.920267177629285
50,-2.692137413409552,-21.15957174943502,38904.984,0.9319282,39131.827006701526,0.9373619495041037,5.913902778389456
51,-2.6899799643326223,-21.142589749636116,38712.02,0.92730594,39137.7377272803,0.9375035346277357,5.907538379153266
52,-2.6878225076219824,-21.12560774983721,38954.13,0.9331054,39143.64208345983,0.9376449672988468,5.9011739799134375
53,-2.68566504328371,-21.108625750038307,38919.195,0.9322686,39149.540075240126,0.9377862475174369,5.894809580673609
54,-2.6835075713238825,-21.091643750239403,38963.996,0.93334174,39155.43170262118,0.9379273752835059,5.888445181433781
55,-2.6813500917485773,-21.074661750440498,39183.867,0.9386085,39161.31696560299,0.938068350597054,5.8820807821939525
56,-2.6791926045638728,-21.057679750641594,39091.816,0.9364036,39167.19586418557,0.938209173458081,5.875716382954124
57,-2.6770351097758467,-21.04069775084269,39029.695,0.93491554,39173.0683983689,0.9383498438665869,5.869351983714296
58,-2.674877607390578,-21.023715751043785,39068.094,0.9358353,39178.934568152996,0.938490361822572,5.862987584474467
59,-2.672720097414144,-21.00673375124488,39315.56,0.94176304,39184.79437353785,0.938630727326036,5.856623185238277
60,-2.6705625798526236,-20.989751751445976,38920.57,0.9323015,39190.64781452347,0.9387709403769792,5.850258785998449
61,-2.6684050547120957,-20.97276975164707,38607.33,0.92479813,39196.49489110985,0.9389110009754011,5.843894386754982
62,-2.6662475219986383,-20.955787751848167,38732.74,0.9278022,39202.33560329698,0.9390509091213022,5.837529987515154
63,-2.664089981718331,-20.938805752049262,38687.96,0.9267296,39208.16995108488,0.939190664814682,5.831165588278964
64,-2.661932433877252,-20.921823752250358,39059.11,0.9356201,39213.99793447354,0.9393302680555412,5.824801189039135
65,-2.6597748784814814,-20.904841752451453,39280.934,0.94093364,39219.819553462956,0.9394697188438792,5.818436789795669
66,-2.6576173155370966,-20.88785975265255,39284.52,0.94101954,39225.63480805313,0.9396090171796961,5.812072390559479
67,-2.655459745050179,-20.870877752853644,39111.26,0.9368694,39231.443698244075,0.9397481630629922,5.80570799131965
68,-2.653302167026807,-20.85389575305474,38884.145,0.931429,39237.24622403577,0.9398871564937671,5.799343592079822
69,-2.65114458147306,-20.836913753255836,39042.914,0.93523216,39243.042385428234,0.9400259974720212,5.792979192839994
70,-2.648986988395018,-20.81993175345693,38981.504,0.9337611,39248.83218242145,0.9401646859977542,5.786614793600165
71,-2.6468293877987614,-20.802949753658027,39237.76,0.9398995,39254.615615015435,0.9403032220709662,5.780250394360337
72,-2.6446717796903703,-20.785967753859122,39323.973,0.9419646,39260.39268321017,0.940441605691657,5.773885995120509
73,-2.6425141640759233,-20.768985754060218,39024.367,0.93478787,39266.163387005676,0.9405798368598272,5.767521595884318
74,-2.6403565409615015,-20.752003754261313,39043.688,0.9352507,39271.92772640194,0.9407179155754761,5.761157196640852
75,-2.638198910353186,-20.73502175446241,39120.26,0.9370849,39277.68570139896,0.940855841838604,5.754792797401024
76,-2.636041272257056,-20.718039754663504,39407.87,0.9439743,39283.43731199674,0.940993615649211,5.748428398164833
77,-2.633883626679193,-20.7010577548646,39242.62,0.9400159,39289.18255819529,0.9411312370072971,5.742063998921367
78,-2.6317259736256773,-20.684075755065695,38847.27,0.9305457,39294.921439994585,0.9412687059128618,5.7356995996815385
79,-2.6295683131025904,-20.66709375526679,38968.246,0.93344355,39300.65395739465,0.9414060223659059,5.729335200445348
80,-2.627410645116013,-20.650111755467886,39102.52,0.93665993,39306.380110395476,0.9415431863664289,5.72297080120552
81,-2.6252529696720255,-20.633129755668982,39302.594,0.9414525,39312.09989899706,0.9416801979144308,5.7166064019656915
82,-2.62309528677671,-20.616147755870077,39067.395,0.93581855,39317.81332319941,0.9418170570099118,5.710242002725863
83,-2.620937596436147,-20.59916575607117,39348.184,0.9425446,39323.52038300251,0.9419537636528718,5.703877603486035
84,-2.6187798986564195,-20.582183756272265,39355.562,0.9427213,39329.22107840638,0.9420903178433107,5.697513204246206
85,-2.616622193443608,-20.56520175647336,39338.977,0.94232404,39334.915409411005,0.9422267195812286,5.691148805006378
86,-2.6144644808037945,-20.548219756674456,39206.68,0.939155,39340.60337601639,0.9423629688666255,5.68478440576655
87,-2.6123067607430612,-20.53123775687555,39163.91,0.9381305,39346.28497822254,0.9424990656995015,5.678420006526721
88,-2.610149033267489,-20.514255757076647,38917.473,0.9322273,39351.960216029445,0.9426350100798564,5.672055607286893
89,-2.607991298383161,-20.497273757277743,39059.363,0.9356262,39357.62908943711,0.9427708020076903,5.665691208047065
90,-2.60583355609616,-20.480291757478838,39348.383,0.94254935,39363.29159844554,0.9429064414830032,5.659326808810874
91,-2.6036758064125674,-20.463309757679934,39350.855,0.9426086,39368.947743054734,0.9430419285057953,5.652962409571046
92,-2.6015180493384658,-20.44632775788103,39362.453,0.94288635,39374.59752326468,0.9431772630760661,5.64659801032758
93,-2.599360284879938,-20.429345758082125,39295.613,0.9412853,39380.24093907539,0.943312445193816,5.640233611087751
94,-2.597202513043067,-20.41236375828322,39194.36,0.9388599,39385.87799048686,0.9434474748590448,5.633869211851561
95,-2.5950447338339355,-20.395381758484316,39623.246,0.9491334,39391.50867749909,0.9435823520717528,5.627504812611733
96,-2.5928869472586262,-20.37839975868541,39752.473,0.9522289,39397.13300011208,0.9437170768319396,5.621140413371904
97,-2.5907291533232226,-20.361417758886507,39580.633,0.94811267,39402.750958325836,0.9438516491396056,5.614776014132076
98,-2.5885713520338083,-20.344435759087602,39144.996,0.93767744,39408.362552140345,0.9439860689947505,5.608411614892248
99,-2.5864135433964663,-20.327453759288698,39047.42,0.93534017,39413.96778155562,0.9441203363973745,5.602047215652419
100,-2.5842557274172795,-20.310471759489793,39353.953,0.9426828,39419.56664657165,0.9442544513474773,5.595682816412591
101,-2.5820979041023326,-20.29348975969089,39553.105,0.94745326,39425.159147188446,0.9443884138450592,5.589318417172763
102,-2.579940073457709,-20.276507759891985,39411.58,0.9440631,39430.745283405995,0.94452222389012,5.582954017932934
103,-2.577782235489492,-20.25952576009308,39556.88,0.9475436,39436.32505522431,0.94465588148266,5.576589618693106
104,-2.575624390203767,-20.242543760294176,39084.086,0.9362184,39441.89846264338,0.9447893866226788,5.5702252194532775
105,-2.573466537606617,-20.22556176049527,39392.09,0.9435963,39447.46550566322,0.9449227393101767,5.563860820217087
106,-2.5713086777041263,-20.208579760696367,39649.85,0.9497707,39453.026184283815,0.9450559395451535,5.557496420973621
107,-2.569150810502379,-20.191597760897462,39585.617,0.94823205,39458.580498505165,0.9451889873276093,5.5511320217337925
108,-2.566992936007461,-20.174615761098558,39670.39,0.9502627,39464.12844832728,0.9453218826575442,5.544767622497602
109,-2.5648350542254557,-20.157633761299653,39685.363,0.95062137,39469.67003375016,0.9454546255349581,5.538403223257774
110,-2.562677165162448,-20.14065176150075,39436.74,0.9446658,39475.2052547738,0.945587215959851,5.5320388240179454
111,-2.560519268824523,-20.123669761701844,39223.29,0.93955284,39480.7341113982,0.9457196539322229,5.525674424778117
112,-2.558361365217766,-20.10668776190294,39232.477,0.9397729,39486.256603623355,0.9458519394520737,5.519310025538289
113,-2.5562034543482617,-20.089705762104035,39556.676,0.9475388,39491.77273144927,0.9459840725194035,5.51294562629846
114,-2.554045536222096,-20.07272376230513,39856.68,0.9547251,39497.28249487595,0.9461160531342124,5.506581227058632
115,-2.5518876108453528,-20.055741762506226,39682.77,0.9505592,39502.78589390339,0.9462478812965003,5.500216827818804
116,-2.549729678224119,-20.038759762707322,39591.93,0.9483833,39508.28292853159,0.9463795570062671,5.493852428578975
117,-2.5475717383644794,-20.021777762908417,39459.285,0.94520587,39513.77359876055,0.9465110802635129,5.487488029339147
118,-2.5454137912725203,-20.004795763109513,39559.098,0.9475968,39519.25790459027,0.9466424510682377,5.481123630099319
119,-2.5432558369543274,-19.98781376331061,40078.64,0.9600419,39524.73584602075,0.9467736694204415,5.47475923085949
120,-2.541097875415987,-19.970831763511704,39736.527,0.95184696,39530.20742305199,0.9469047353201243,5.468394831619662
121,-2.5389399066635843,-19.9538497637128,39472.746,0.9455283,39535.672635683986,0.9470356487672861,5.462030432383472
122,-2.5367819307032065,-19.936867763913895,39796.773,0.95329005,39541.13148391675,0.947166409761927,5.455666033143643
123,-2.5346239475409393,-19.91988576411499,39738.14,0.9518856,39546.58396775027,0.9472970183040468,5.449301633900177
124,-2.5324659571828696,-19.902903764316086,39505.605,0.94631547,39552.030087184554,0.9474274743936455,5.442937234663987
125,-2.530307959635084,-19.88592176451718,39580.305,0.9481048,39557.4698422196,0.9475577780307234,5.436572835424158
126,-2.528149954903669,-19.868939764718277,39878.867,0.9552565,39562.9032328554,0.9476879292152802,5.430208436180692
127,-2.525991942994711,-19.851957764919373,39837.996,0.9542775,39568.33025909196,0.9478179279473159,5.423844036944502
128,-2.5238339239142986,-19.83497576512047,39308.305,0.9415893,39573.75092092929,0.9479477742268307,5.417479637704673
129,-2.521675897668517,-19.817993765321564,39321.34,0.94190156,39579.16521836737,0.9480774680538245,5.411115238464845
130,-2.519517864263454,-19.80101176552266,39725.297,0.9515779,39584.57315140622,0.9482070094282974,5.4047508392250165
131,-2.5173598237051973,-19.784029765723755,39552.41,0.94743663,39589.97472004582,0.9483363983502491,5.398386439985188
132,-2.515201775999835,-19.76704776592485,39753.418,0.95225155,39595.36992428619,0.9484656348196799,5.39202204074536
133,-2.513043721153452,-19.750065766125946,39581.246,0.9481273,39600.75876412731,0.9485947188365895,5.3856576415055315
134,-2.510885659172139,-19.73308376632704,39307.496,0.9415699,39606.1412395692,0.9487236504009784,5.379293242269341
135,-2.5087275900619828,-19.716101766528137,39647.95,0.94972515,39611.51735061185,0.9488524295128462,5.372928843025875
136,-2.5065695138290716,-19.699119766729233,39507.062,0.94635034,39616.887097255254,0.9489810561721929,5.3665644437860465
137,-2.5044114304794918,-19.682137766930328,39426.01,0.94440883,39622.250479499424,0.9491095303790187,5.360200044549856
138,-2.5022533400193336,-19.665155767131424,39474.38,0.9455674,39627.607497344354,0.9492378521333235,5.353835645310028
139,-2.5000952424546847,-19.64817376733252,39192.652,0.938819,39632.958150790044,0.9493660214351073,5.347471246070199
140,-2.497937137791633,-19.631191767533615,39319.996,0.9418694,39638.302439836494,0.9494940382843701,5.341106846830371
141,-2.495779026036267,-19.61420976773471,39180.73,0.9385334,39643.640364483705,0.9496219026811118,5.334742447586905
142,-2.4936209071946767,-19.597227767935806,39424.77,0.9443791,39648.97192473167,0.9497496146253324,5.328378048347076
143,-2.4914627812729493,-19.5802457681369,39440.37,0.9447528,39654.2971205804,0.9498771741170322,5.322013649110886
144,-2.4893046482771752,-19.563263768337997,39317.727,0.941815,39659.61595202989,0.9500045811562109,5.315649249871058
145,-2.487146508213441,-19.546281768539092,39475.29,0.94558924,39664.92841908014,0.9501318357428686,5.309284850631229
146,-2.484988361087839,-19.529299768740188,39684.08,0.95059055,39670.23452173115,0.9502589378770053,5.302920451395039
147,-2.4828302069064563,-19.512317768941283,39488.004,0.9458938,39675.53425998293,0.9503858875586213,5.296556052155211
148,-2.4806720456753824,-19.49533576914238,39620.31,0.94906306,39680.82763383546,0.950512684787716,5.290191652911744
149,-2.478513877400708,-19.478353769343475,39467.09,0.94539285,39686.114643288754,0.9506393295642896,5.283827253671916
150,-2.476355702088522,-19.46137176954457,39612.285,0.94887084,39691.39528834281,0.9507658218883424,5.277462854432088
151,-2.4741975197449144,-19.444389769745666,39733.47,0.9517737,39696.66956899762,0.950892161759874,5.271098455192259
152,-2.472039330375974,-19.42740776994676,39829.77,0.95408046,39701.93748525319,0.9510183491788847,5.264734055956069
153,-2.469881133987792,-19.410425770147857,39783.957,0.9529831,39707.19903710953,0.9511443841453745,5.258369656716241
154,-2.4677229305864583,-19.393443770348952,39653.246,0.94985205,39712.45422456662,0.9512702666593432,5.252005257472774
155,-2.4655647201780626,-19.376461770550048,39877.332,0.95521975,39717.703047624476,0.9513959967207908,5.245640858236584
156,-2.4634065027686955,-19.359479770751143,39980.58,0.9576929,39722.9455062831,0.9515215743297176,5.2392764589967555
157,-2.461248278364448,-19.34249777095224,40076.51,0.9599909,39728.18160054247,0.9516469994861232,5.232912059756927
158,-2.4590900469714096,-19.325515771153334,39664.75,0.9501276,39733.41133040261,0.951772272190008,5.226547660517099
159,-2.456931808595672,-19.30853377135443,39679.707,0.9504859,39738.634695863504,0.9518973924413716,5.2201832612772705
160,-2.454773563243325,-19.291551771555525,39859.094,0.9547829,39743.851696925165,0.9520223602402144,5.213818862037442
161,-2.4526153109204616,-19.27456977175662,39689.496,0.95072037,39749.06233358758,0.9521471755865359,5.207454462797614
162,-2.4504570516331703,-19.257587771957716,39705.703,0.9511086,39754.26660585076,0.9522718384803367,5.2010900635577855
163,-2.4482987853875438,-19.240605772158812,39701.38,0.951005,39759.464513714694,0.9523963489216163,5.194725664317957
164,-2.446140512189672,-19.223623772359907,39948.562,0.95692605,39764.656057179396,0.952520706910375,5.188361265081767
165,-2.4439822320456486,-19.206641772561003,39955.324,0.957088,39769.84123624486,0.9526449124466128,5.1819968658383
166,-2.4418239449615635,-19.1896597727621,39895.473,0.9556543,39775.02005091107,0.9527689655303293,5.175632466598472
167,-2.439665650943508,-19.17267777296319,39961.56,0.9572373,39780.192501178055,0.952892866161525,5.169268067362282
168,-2.437507349997575,-19.155695773164286,40161.496,0.9620266,39785.3585870458,0.9530166143401997,5.162903668122453
169,-2.435349042129856,-19.13871377336538,39878.652,0.9552514,39790.5183085143,0.9531402100663534,5.156539268878987
170,-2.4331907273464424,-19.121731773566477,39738.758,0.95190036,39795.671665583555,0.9532636533399859,5.150174869639159
171,-2.431032405653427,-19.104749773767573,39795.297,0.9532547,39800.81865825358,0.9533869441610976,5.143810470402968
172,-2.4288740770569017,-19.087767773968668,39961.168,0.95722795,39805.95928652436,0.9535100825296882,5.13744607116314
173,-2.4267157415629597,-19.070785774169764,39763.656,0.95249677,39811.093550395904,0.9536330684457579,5.131081671923312
174,-2.424557399177692,-19.05380377437086,39762.42,0.9524672,39816.22144986821,0.9537559019093065,5.124717272683483
175,-2.422399049907192,-19.036821774571955,39909.78,0.95599705,39821.34298494127,0.9538785829203341,5.118352873443655
176,-2.4202406937575525,-19.01983977477305,39784.54,0.952997,39826.458155615095,0.9540011114788408,5.111988474203827
177,-2.4180823307348662,-19.002857774974146,39669.62,0.95024425,39831.56696188968,0.9541234875848263,5.105624074963998
178,-2.415923960845226,-18.98587577517524,39543.21,0.9472163,39836.66940376502,0.9542457112382909,5.09925967572417
179,-2.4137655840947247,-18.968893775376337,39807.94,0.9535576,39841.76548124113,0.9543677824392346,5.09289527648798
180,-2.4116072004894558,-18.951911775577432,40115.863,0.9609335,39846.855194318,0.9544897011876573,5.086530877248151
181,-2.4094488100355127,-18.934929775778528,39822.59,0.9539085,39851.938542995624,0.954611467483559,5.080166478004685
182,-2.4072904127389885,-18.917947775979624,39537.336,0.94707555,39857.01552727401,0.9547330813269395,5.073802078764857
183,-2.4051320086059764,-18.90096577618072,39848.688,0.95453364,39862.08614715315,0.954854542717799,5.067437679528666
184,-2.402973597642571,-18.883983776381815,39730.293,0.9516976,39867.150402633066,0.9549758516561377,5.061073280288838
185,-2.4008151798548654,-18.86700177658291,39672.48,0.95031273,39872.20829371373,0.9550970081419553,5.0547088810453715
186,-2.398656755248953,-18.850019776784006,39828.152,0.9540417,39877.25982039516,0.9552180121752518,5.048344481809181
187,-2.3964983238309285,-18.8330377769851,39796.14,0.9532749,39882.30498267735,0.9553388637560275,5.041980082569353
188,-2.3943398856068865,-18.816055777186197,39658.43,0.9499762,39887.343780560295,0.955459562884282,5.0356156833295245
189,-2.39218144058292,-18.799073777387292,39875.918,0.9551859,39892.37621404401,0.9555801095600157,5.029251284089696
190,-2.3900229887651236,-18.782091777588388,39938.33,0.9566809,39897.402283128475,0.9557005037832282,5.022886884849868
191,-2.3878645301595927,-18.765109777789483,40168.598,0.9621967,39902.42198781371,0.9558207455539198,5.016522485610039
192,-2.3857060647724206,-18.74812777799058,39893.996,0.9556189,39907.435328099695,0.9559408348720904,5.010158086370211
193,-2.3835475926097027,-18.731145778191674,40074.895,0.9599522,39912.44230398645,0.95606077173774,5.003793687134021
194,-2.381389113677534,-18.71416377839277,40290.91,0.9651266,39917.44291547396,0.9561805561508686,4.997429287890554
195,-2.379230627982009,-18.697181778593865,39792.66,0.9531915,39922.43716256223,0.9563001881114761,4.991064888650726
196,-2.3770721355292226,-18.68019977879496,39876.902,0.9552095,39927.425045251264,0.9564196676195627,4.984700489414536
197,-2.3749136363252696,-18.663217778996056,39922.71,0.95630676,39932.40656354106,0.9565389946751283,4.978336090171069
198,-2.3727551303762464,-18.646235779197152,39933.95,0.956576,39937.38171743161,0.9566581692781727,4.971971690931241
199,-2.370596617688248,-18.629253779398248,40139.926,0.96150994,39942.35050692292,0.9567771914286962,4.965607291695051
200,-2.368438098267369,-18.612271779599343,40037.695,0.9590611,39947.312932015,0.9568960611266989,4.959242892455222
201,-2.3662795721197054,-18.59528977980044,39694.586,0.95084226,39952.26899270783,0.9570147783721804,4.952878493215394
202,-2.364121039251353,-18.578307780001534,39859.33,0.9547885,39957.21868900143,0.957133343165141,4.946514093975566
203,-2.361962499668409,-18.56132578020263,40089.2,0.96029484,39962.16202089578,0.9572517555055805,4.940149694735737
204,-2.359803953376966,-18.544343780403725,40205.65,0.9630842,39967.0989883909,0.9573700153934991,4.933785295495909
205,-2.3576454003831238,-18.52736178060482,39926.598,0.95639986,39972.029591486775,0.9574881228288966,4.927420896256081
206,-2.3554868406929765,-18.510379780805916,40198.203,0.9629059,39976.95383018341,0.9576060778117731,4.921056497016252
207,-2.353328274312621,-18.493397781007012,40165.65,0.9621261,39981.87170448081,0.9577238803421286,4.914692097776424
208,-2.3511697012481525,-18.476415781208107,40253.773,0.96423703,39986.783214378964,0.9578415304199631,4.908327698536596
209,-2.349011121505669,-18.459433781409203,40196.844,0.96287334,39991.68835987788,0.9579590280452767,4.901963299296767
210,-2.3468525350912666,-18.4424517816103,39977.95,0.9576299,39996.58714097756,0.958076373218069,4.895598900060577
211,-2.344693942011042,-18.425469781811394,39882.688,0.9553481,40001.479557678,0.9581935659383407,4.8892345008207485
212,-2.3425353422710917,-18.40848778201249,39948.254,0.9569186,40006.3656099792,0.9583106062060912,4.882870101577282
213,-2.3403767358775136,-18.391505782213585,40052.57,0.9594174,40011.245297881156,0.9584274940213207,4.876505702337454
214,-2.3382181228364036,-18.37452378241468,40217.645,0.9633716,40016.118621383874,0.9585442293840291,4.8701413031012635
215,-2.33605950315386,-18.357541782615776,40314.203,0.96568453,40020.98558048736,0.9586608122942167,4.863776903861435
216,-2.333900876835979,-18.34055978281687,40197.05,0.9628783,40025.8461751916,0.9587772427518831,4.857412504621607
217,-2.3317422438888586,-18.323577783017967,40149.04,0.9617282,40030.7004054966,0.9588935207570287,4.851048105381778
218,-2.329583604318597,-18.306595783219063,40391.31,0.96753156,40035.54827140236,0.9590096463096531,4.844683706138312
219,-2.32742495813129,-18.289613783420158,40535.64,0.97098887,40040.38977290888,0.9591256194097566,4.838319306902122
220,-2.325266305333037,-18.272631783621254,40184.52,0.9625781,40045.224910016164,0.9592414400573391,4.831954907662293
221,-2.3231076459299356,-18.25564978382235,40057.098,0.9595259,40050.0536827242,0.9593571082524005,4.825590508422465
222,-2.3209489799280836,-18.238667784023445,40210.96,0.9632115,40054.87609103301,0.959472623994941,4.819226109186275
223,-2.318790307333578,-18.22168578422454,40345.902,0.9664439,40059.692134942576,0.9595879872849605,4.812861709942808
224,-2.316631628152519,-18.204703784425636,40178.414,0.96243185,40064.501814452895,0.959703198122459,4.80649731070298
225,-2.3144729423910038,-18.18772178462673,40181.13,0.9624969,40069.30512956398,0.9598182565074365,4.80013291146679
226,-2.312314250055131,-18.170739784827827,40347.15,0.9664737,40074.10208027583,0.959933162439893,4.793768512223323
227,-2.3101555511509986,-18.153757785028922,40044.348,0.95922047,40078.89266658843,0.9600479159198283,4.787404112983495
228,-2.3079968456847055,-18.136775785230018,40337.24,0.96623635,40083.676888501795,0.9601625169472428,4.781039713747305
229,-2.3058381336623515,-18.119793785431114,40137.9,0.96146137,40088.45474601592,0.9602769655221363,4.774675314507476
230,-2.303679415090034,-18.10281178563221,40265.695,0.9645226,40093.22623913081,0.9603912616445087,4.768310915267648
231,-2.3015206899738527,-18.085829785833305,39904.562,0.95587206,40097.99136784646,0.9605054053143602,4.76194651602782
232,-2.2993619583199068,-18.0688477860344,40302.562,0.9654057,40102.750132162866,0.9606193965316907,4.755582116787991
233,-2.297203220134295,-18.051865786235496,40365.67,0.96691746,40107.502532080034,0.9607332352965001,4.749217717548163
234,-2.295044475423117,-18.03488378643659,40303.113,0.96541893,40112.24856759796,0.9608469216087886,4.742853318308335
235,-2.2928857241924723,-18.017901786637687,39903.363,0.9558433,40116.98823871665,0.960960455468556,4.736488919068506
236,-2.29072696644846,-18.000919786838782,39962.67,0.957264,40121.7215454361,0.9610738368758024,4.730124519828678
237,-2.288568202197181,-17.983937787039878,39965.723,0.9573371,40126.44848775631,0.9611870658305278,4.7237601205888495
238,-2.2864094314447327,-17.966955787240973,39904.574,0.9558723,40131.16906567728,0.9613001423327322,4.717395721349021
239,-2.284250654197217,-17.94997378744207,39788.758,0.95309806,40135.883279199006,0.9614130663824156,4.711031322109193
240,-2.2820918704607336,-17.932991787643164,39838.723,0.9542949,40140.591128321495,0.9615258379795779,4.7046669228693645
241,-2.2799330802413813,-17.91600978784426,40000.688,0.95817465,40145.292613044745,0.9616384571242194,4.698302523633174
242,-2.277774283545262,-17.899027788045355,40057.21,0.95952857,40149.98773336876,0.9617509238163399,4.691938124393346
243,-2.2756154803784745,-17.88204578824645,40252.887,0.9642158,40154.67648929353,0.9618632380559392,4.6855737251498795
244,-2.2734566707471204,-17.865063788447547,40496.46,0.97005033,40159.35888081906,0.9619753998430176,4.679209325910051
245,-2.2712978546573,-17.848081788648642,40593.527,0.97237545,40164.03490794535,0.962087409177575,4.672844926673861
246,-2.2691390321151133,-17.831099788849738,40463.586,0.96926284,40168.70457067241,0.9621992660596114,4.666480527434032
247,-2.2669802031266615,-17.814117789050833,40294.67,0.9652167,40173.36786900022,0.9623109704891267,4.660116128194204
248,-2.2648213676980458,-17.79713578925193,40364.97,0.9669006,40178.0248029288,0.9624225224661213,4.653751728954376
249,-2.2626625258353656,-17.780153789453024,40418.54,0.9681838,40182.67537245813,0.9625339219905945,4.647387329714547
250,-2.2605036775447243,-17.76317178965412,40456.797,0.96910024,40187.31957758823,0.9626451690625469,4.641022930474719
251,-2.258344822832222,-17.74618978985521,40167.21,0.9621635,40191.95741831908,0.9627562636819782,4.634658531234891
252,-2.2561859617039595,-17.729207790056307,39908.223,0.95595974,40196.5888946507,0.9628672058488887,4.628294131995062
253,-2.2540270941660383,-17.712225790257403,40008.37,0.95835865,40201.21400658307,0.9629779955632779,4.621929732755234
254,-2.251868220224561,-17.6952437904585,40298.203,0.9653013,40205.83275411621,0.9630886328251463,4.615565333519044
255,-2.2497093398856283,-17.678261790659594,40336.01,0.96620697,40210.445137250106,0.9631991176344938,4.609200934275577
256,-2.2475504531553416,-17.66127979086069,40277.277,0.96480006,40215.05115598476,0.9633094499913201,4.602836535035749
257,-2.2453915600398036,-17.644297791061785,40451.29,0.96896833,40219.65081032018,0.9634196298956255,4.596472135799559
258,-2.243232660545116,-17.62731579126288,40316.43,0.9657379,40224.24410025636,0.9635296573474098,4.59010773655973
259,-2.2410737546773802,-17.610333791463976,39884.695,0.9553962,40228.8310257933,0.9636395323466732,4.583743337316264
260,-2.2389148424427,-17.59335179166507,39900.76,0.955781,40233.41158693099,0.9637492548934155,4.577378938076436
261,-2.2367559238471753,-17.576369791866167,40097.88,0.96050274,40237.98578366945,0.9638588249876368,4.571014538840245
262,-2.2345969988969108,-17.559387792067263,39710.51,0.9512238,40242.55361600867,0.9639682426293371,4.564650139600417
263,-2.232438067598008,-17.542405792268358,39839.8,0.9543207,40247.11508394865,0.9640775078185164,4.5582857403605885
264,-2.230279129956568,-17.525423792469454,40168.17,0.9621865,40251.67018748939,0.9641866205551748,4.55192134112076
265,-2.2281201859786965,-17.50844179267055,40166.348,0.9621428,40256.21892663089,0.9642955808393121,4.545556941880932
266,-2.225961235670494,-17.491459792871645,40504.395,0.9702404,40260.76130137315,0.9644043886709285,4.5391925426411035
267,-2.2238022790380647,-17.47447779307274,40279.47,0.9648525,40265.297311716175,0.9645130440500237,4.532828143401275
268,-2.2216433160875106,-17.457495793273836,40058.76,0.9595657,40269.826957659956,0.9646215469765981,4.526463744165085
269,-2.219484346824936,-17.44051379347493,40143.473,0.9615949,40274.350239204505,0.9647298974506515,4.5200993449252564
270,-2.217325371256443,-17.423531793676027,40191.438,0.9627438,40278.86715634981,0.9648380954721838,4.51373494568179
271,-2.2151663893881355,-17.406549793877122,40497.305,0.97007054,40283.37770909587,0.964946141041195,4.507370546441962
272,-2.2130074012261174,-17.389567794078218,40306.855,0.9655086,40287.88189744269,0.9650540341576853,4.501006147202133
273,-2.210848406776491,-17.372585794279313,40331.89,0.96610826,40292.37972139027,0.9651617748216546,4.494641747965943
274,-2.2086894060453615,-17.35560379448041,40227.258,0.9636019,40296.87118093862,0.965269363033103,4.488277348726115
275,-2.2065303990388316,-17.338621794681504,40383.46,0.96734357,40301.356276087725,0.9653767987920302,4.481912949482648
276,-2.2043713857630056,-17.3216397948826,40136.613,0.96143055,40305.83500683759,0.9654840820984364,4.475548550246458
277,-2.2022123662239874,-17.304657795083696,40077.01,0.9600029,40310.30737318822,0.9655912129523219,4.46918415100663
278,-2.200053340427881,-17.28767579528479,40404.297,0.96784264,40314.7733751396,0.9656981913536861,4.462819751766801
279,-2.197894308380791,-17.270693795485887,40371.098,0.9670474,40319.23301269175,0.9658050173025294,4.456455352526973
280,-2.195735270088821,-17.253711795686982,40175.008,0.9623503,40323.686285844655,0.9659116907988516,4.450090953287145
281,-2.193576225558076,-17.236729795888078,40078.965,0.9600497,40328.133194598326,0.9660182118426529,4.443726554047316
282,-2.191417174794661,-17.219747796089173,40402.035,0.96778846,40332.57373895275,0.9661245804339331,4.437362154807488
283,-2.189258117804679,-17.20276579629027,40541.984,0.9711408,40337.00791890794,0.9662307965726924,4.430997755571298
284,-2.1870990545942366,-17.185783796491364,40744.613,0.9759946,40341.43573446389,0.9663368602589307,4.424633356327831
285,-2.1849399851694375,-17.16880179669246,40533.188,0.9709301,40345.857185620596,0.9664427714926479,4.418268957088003
286,-2.182780909536387,-17.151819796893555,40381.875,0.96730554,40350.27227237807,0.9665485302738442,4.411904557851813
287,-2.1806218277011897,-17.13483779709465,40680.95,0.9744696,40354.6809947363,0.9666541366025195,4.405540158611984
288,-2.178462739669951,-17.117855797295746,40462.1,0.9692273,40359.08335269529,0.9667595904786738,4.399175759368518
289,-2.176303645448777,-17.100873797496842,40419.887,0.9682161,40363.47934625504,0.966864891902307,4.39281136012869
290,-2.174144545043772,-17.083891797697937,40414.73,0.96809256,40367.86897541555,0.9669700408734192,4.386446960892499
291,-2.171985438461042,-17.066909797899033,40646.72,0.9736496,40372.25224017682,0.9670750373920104,4.380082561652671
292,-2.1698263257066923,-17.04992779810013,40727.82,0.9755923,40376.629140538855,0.9671798814580806,4.3737181624128425
293,-2.167667206786829,-17.032945798301224,40240.4,0.96391666,40380.99967650165,0.96728457307163,4.367353763173014
294,-2.1655080817075576,-17.01596379850232,40389.016,0.9674766,40385.3638480652,0.9673891122326581,4.360989363933186
295,-2.1633489504749837,-16.998981798703415,40319.434,0.9658098,40389.721655229514,0.9674934989411654,4.3546249646933575
296,-2.161189813095214,-16.98199979890451,40476.223,0.9695656,40394.07309799459,0.9675977331971516,4.348260565453529
297,-2.159030669574354,-16.965017799105606,40407.51,0.96791965,40398.41817636042,0.9677018150006168,4.341896166213701
298,-2.15687151991851,-16.9480357993067,40640.562,0.97350216,40402.756890327015,0.967805744351561,4.335531766973872
299,-2.1547123641337884,-16.931053799507797,40435.312,0.9685856,40407.08923989437,0.9679095212499842,4.329167367734044
300,-2.152553202226296,-16.914071799708893,39950.152,0.9569641,40411.41522506248,0.9680131456958864,4.322802968497854
301,-2.150394034202139,-16.89708979990999,40197.258,0.96288323,40415.734845831365,0.9681166176892677,4.316438569258025
302,-2.1482348600674235,-16.880107800111084,40412.215,0.9680323,40420.048102201,0.9682199372301279,4.310074170014559
303,-2.146075679828257,-16.86312580031218,40237.13,0.96383834,40424.35499417139,0.968323104318467,4.303709770774731
304,-2.143916493490746,-16.846143800513275,40570.97,0.97183514,40428.65552174255,0.9684261189542851,4.29734537153854
305,-2.1417573010609976,-16.82916180071437,40304.23,0.9654457,40432.94968491447,0.9685289811375825,4.290980972298712
306,-2.1395981025451185,-16.812179800915466,40344.137,0.9664016,40437.237483687146,0.9686316908683585,4.284616573055246
307,-2.1374388979492167,-16.79519780111656,40352.04,0.9665909,40441.51891806058,0.9687342481466137,4.278252173819055
308,-2.1352796872793984,-16.778215801317657,40345.89,0.9664436,40445.793988034784,0.968836652972348,4.271887774579227
309,-2.1331204705417712,-16.761233801518753,40487.996,0.96984756,40450.06269360974,0.968938905345561,4.265523375339399
310,-2.130961247742443,-16.744251801719848,40241.035,0.9639319,40454.32503478546,0.9690410052662534,4.25915897609957
311,-2.128802018887521,-16.727269801920944,40357.254,0.9667158,40458.58101156194,0.9691429527344244,4.252794576859742
312,-2.1266427839831135,-16.71028780212204,40435.664,0.968594,40462.83062393918,0.9692447477500746,4.246430177623552
313,-2.124483543035327,-16.693305802323135,40254.89,0.9642638,40467.073871917186,0.9693463903132039,4.240065778380085
314,-2.1223242960502704,-16.67632380252423,40057.02,0.959524,40471.31075549594,0.9694478804238119,4.233701379140257
315,-2.1201650430340515,-16.659341802725326,40284.938,0.9649835,40475.54127467547,0.9695492180818991,4.2273369799040665
316,-2.1180057839927784,-16.64235980292642,40299.582,0.9653343,40479.76542945575,0.9696504032874653,4.2209725806606
317,-2.115846518932558,-16.625377803127517,40594.15,0.97239035,40483.98321983679,0.9697514360405104,4.214608181420772
318,-2.113687247859501,-16.608395803328612,40504.21,0.970236,40488.19464581859,0.9698523163410345,4.2082437821845815
319,-2.111527970779714,-16.591413803529708,40497.05,0.97006446,40492.39970740116,0.9699530441890377,4.201879382944753
320,-2.109368687699306,-16.574431803730803,40253.723,0.9642358,40496.59840458448,0.9700536195845199,4.195514983704925
321,-2.107209398624385,-16.5574498039319,40182.535,0.9625306,40500.79073736857,0.970154042527481,4.1891505844650965
322,-2.105050103561061,-16.540467804132994,40355.465,0.96667296,40504.97670575341,0.9702543130179212,4.182786185225268
323,-2.1028908025154416,-16.52348580433409,40371.887,0.9670663,40509.15630973902,0.9703544310558403,4.17642178598544
324,-2.100731495493636,-16.506503804535186,40466.598,0.969335,40513.32954932538,0.9704543966412384,4.1700573867419735
325,-2.0985721825017536,-16.48952180473628,40309.438,0.9655704,40517.4964245125,0.9705542097741154,4.163692987505783
326,-2.096412863545903,-16.472539804937377,40186.637,0.96262884,40521.656935300394,0.9706538704544717,4.157328588269593
327,-2.094253538632194,-16.455557805138472,40245.81,0.96404624,40525.81108168904,0.9707533786823068,4.150964189026126
328,-2.092094207766735,-16.438575805339568,40584.75,0.9721652,40529.95886367845,0.9708527344576209,4.144599789786298
329,-2.089934870955636,-16.421593805540663,40163.055,0.96206397,40534.10028126861,0.970951937780414,4.13823539054647
330,-2.0877755282050066,-16.40461180574176,40088.973,0.9602894,40538.23533445954,0.9710509886506861,4.131870991306641
331,-2.085616179520956,-16.387629805942854,40211.242,0.9632182,40542.364023251226,0.9711498870684371,4.125506592066813
332,-2.0834568249095935,-16.37064780614395,40239.09,0.9638853,40546.48634764367,0.9712486330336672,4.119142192830623
333,-2.08129746437703,-16.353665806345045,40307.527,0.9655247,40550.60230763689,0.9713472265463764,4.112777793590794
334,-2.079138097929375,-16.336683806546137,40668.887,0.97418064,40554.711903230855,0.9714456676065645,4.106413394347328
335,-2.0769787255727383,-16.319701806747233,40392.363,0.9675568,40558.81513442558,0.9715439562142315,4.100048995111138
336,-2.07481934731323,-16.30271980694833,40141.113,0.9615384,40562.91200122108,0.9716420923693777,4.093684595871309
337,-2.07265996315696,-16.285737807149424,40385.977,0.9674038,40567.002503617325,0.9717400760720026,4.087320196631481
338,-2.07050057311004,-16.26875580735052,40414.348,0.96808344,40571.08664161434,0.9718379073221068,4.080955797391653
339,-2.0683411771785782,-16.251773807551615,40385.86,0.967401,40575.16441521211,0.9719355861196899,4.074591398151824
340,-2.0661817753686873,-16.23479180775271,40684.508,0.97455484,40579.23582441064,0.972033112464752,4.068226998911996
341,-2.064022367686477,-16.217809807953806,40571.38,0.9718449,40583.30086920993,0.9721304863572929,4.061862599672168
342,-2.061862954138057,-16.2008278081549,40631.21,0.97327816,40587.35954960999,0.9722277077973132,4.055498200432339
343,-2.059703534729539,-16.183845808355997,40590.375,0.9723,40591.4118656108,0.9723247767848121,4.049133801192511
344,-2.057544109467035,-16.166863808557093,40393.707,0.96758896,40595.45781721237,0.9724216933197902,4.0427694019563205
345,-2.055384678356654,-16.149881808758188,40568.465,0.9717751,40599.49740441471,0.9725184574022473,4.036405002712854
346,-2.0532252414045082,-16.132899808959284,40955.973,0.98105747,40603.5306272178,0.9726150690321832,4.030040603473026
347,-2.0510657986167087,-16.11591780916038,40905.92,0.9798586,40607.557485621655,0.9727115282095983,4.0236762042368355
348,-2.048906349999367,-16.098935809361475,40759.953,0.97636205,40611.57797962627,0.9728078349344924,4.017311804997007
349,-2.046746895558594,-16.08195380956257,40747.684,0.97606814,40615.59210923165,0.9729039892068655,4.010947405753541
350,-2.044587435300502,-16.064971809763666,40657.957,0.9739188,40619.59987443778,0.9729999910267174,4.0045830065137125
351,-2.042427969231201,-16.04798980996476,40623.027,0.9730821,40623.60127524468,0.9730958403940484,3.998218607277522
352,-2.040268497356804,-16.031007810165857,40595.066,0.97241235,40627.596311652334,0.9731915373088584,3.9918542080376938
353,-2.0381090196834233,-16.014025810366952,40588.05,0.97224426,40631.58498366075,0.9732870817711475,3.9854898087978654
354,-2.035949536217169,-15.99704381056805,40321.695,0.965864,40635.56729126993,0.9733824737809156,3.979125409558037
355,-2.0337900469641546,-15.980061810769143,40329.49,0.9660507,40639.54323447987,0.9734777133381626,3.9727610103182087
356,-2.0316305519304922,-15.963079810970239,40273.83,0.9647174,40643.51281329057,0.9735728004428885,3.9663966110783804
357,-2.0294710511222926,-15.946097811171335,40358.516,0.96674603,40647.476027702025,0.9736677350950935,3.960032211838552
358,-2.0273115445456695,-15.92911581137243,40421.63,0.96825784,40651.432877714244,0.9737625172947776,3.9536678126023617
359,-2.025152032206735,-15.912133811573526,40245.945,0.9640495,40655.38336332723,0.9738571470419407,3.9473034133625333
360,-2.022992514111601,-15.895151811774621,40257.97,0.9643375,40659.32748454097,0.9739516243365827,3.940939014119067
361,-2.020832990266381,-15.878169811975717,40539.457,0.9710803,40663.26524135547,0.9740459491787037,3.9345746148792387
362,-2.018673460677186,-15.861187812176812,40416.38,0.9681321,40667.19663377073,0.9741401215683037,3.9282102156394103
363,-2.016513925350131,-15.844205812377908,40796.887,0.97724676,40671.12166178675,0.9742341415053826,3.92184581640322
364,-2.0143543842913276,-15.827223812579003,40660.047,0.97396886,40675.040325403534,0.9743280089899407,3.9154814171633916
365,-2.0121948375068888,-15.810241812780099,40528.62,0.9708207,40678.95262462107,0.9744217240219776,3.9091170179199253
366,-2.0100352850029277,-15.793259812981194,40721.176,0.9754332,40682.85855943937,0.9745152866014936,3.902752618683735
367,-2.007875726785558,-15.77627781318229,40594.93,0.97240907,40686.75812985844,0.9746086967284886,3.8963882194439066
368,-2.0057161628608924,-15.759295813383385,40433.027,0.9685309,40690.65133587826,0.9747019544029625,3.890023820204078
369,-2.0035565932350443,-15.742313813584481,40720.75,0.975423,40694.53817749885,0.9747950596249155,3.88365942096425
370,-2.0013970179141274,-15.725331813785576,40713.93,0.9752596,40698.41865472019,0.9748880123943474,3.8772950217244215
371,-1.9992374369042556,-15.708349813986672,40684.92,0.97456473,40702.2927675423,0.9749808127112585,3.870930622484593
372,-1.997077850211542,-15.691367814187767,40828.445,0.97800267,40706.16051596516,0.9750734605756484,3.864566223244765
373,-1.9949182578421,-15.674385814388863,40877.754,0.97918385,40710.02189998879,0.9751659559875173,3.8582018240085745
374,-1.9927586598020441,-15.657403814589959,40858.645,0.9787261,40713.876919613176,0.9752582989468653,3.851837424765108
375,-1.9905990560974884,-15.640421814791054,40625.88,0.97315043,40717.72557483832,0.9753504894536922,3.84547302552528
376,-1.9884394467345465,-15.62343981499215,40702.88,0.9749949,40721.56786566423,0.9754425275079982,3.8391086262890894
377,-1.9862798317193324,-15.606457815193245,40998.62,0.9820791,40725.403792090896,0.9755344131097832,3.832744227045623
378,-1.9841202110579612,-15.58947581539434,41290.605,0.9890733,40729.23335411832,0.975626146259047,3.8263798278057948
379,-1.981960584756546,-15.572493815595436,41080.656,0.98404413,40733.05655174651,0.97571772695579,3.8200154285696044
380,-1.9798009528212024,-15.555511815796532,41004.285,0.98221475,40736.87338497546,0.975809155200012,3.813651029329776
381,-1.9776413152580439,-15.538529815997627,40897.23,0.9796504,40740.68385380517,0.9759004309917129,3.8072866300899477
382,-1.9754816720731858,-15.521547816198723,40948.367,0.9808753,40744.48795823564,0.9759915543308929,3.8009222308501194
383,-1.9733220232727426,-15.504565816399818,41036.195,0.9829791,40748.28569826687,0.9760825252175518,3.794557831610291
384,-1.9711623688628288,-15.487583816600914,41173.29,0.98626304,40752.07707389886,0.9761733436516897,3.7881934323704627
385,-1.96900270884956,-15.47060181680201,41171.93,0.9862305,40755.86208513161,0.9762640096333066,3.7818290331306343
386,-1.966843043239051,-15.453619817003105,41401.49,0.9917293,40759.64073196512,0.9763545231624026,3.775464633890806
387,-1.9646833720374166,-15.4366378172042,40829.746,0.97803384,40763.41301439939,0.9764448842389775,3.7691002346509777
388,-1.9625236952507714,-15.419655817405296,40919.723,0.98018914,40767.17893243442,0.9765350928630313,3.7627358354111493
389,-1.9603640128852322,-15.402673817606392,40909.008,0.9799325,40770.93848607021,0.9766251490345642,3.756371436171321
390,-1.9582043249469137,-15.385691817807487,41113.906,0.98484063,40774.69167530676,0.9767150527535761,3.7500070369314926
391,-1.956044631441931,-15.368709818008583,41210.96,0.98716545,40778.438500144075,0.976804804020067,3.7436426376953023
392,-1.9538849323763996,-15.351727818209678,41248.254,0.98805875,40782.178960582154,0.976894402834037,3.737278238455474
393,-1.9517252277564359,-15.334745818410774,40940.473,0.9806862,40785.913056620986,0.9769838491954859,3.7309138392120076
394,-1.9495655175881552,-15.31776381861187,41064.887,0.9836664,40789.64078826058,0.9770731431044136,3.7245494399758172
395,-1.9474058018776736,-15.300781818812965,41078.797,0.9839996,40793.36215550094,0.9771622845608207,3.718185040735989
396,-1.9452460806311065,-15.28379981901406,41226.996,0.98754954,40797.07715834205,0.9772512735647064,3.7118206414925226
397,-1.9430863538545704,-15.266817819215154,40944.145,0.98077416,40800.78579678392,0.9773401101160712,3.705456242256332
398,-1.9409266215541816,-15.24983581941625,40740.953,0.9759069,40804.48807082656,0.9774287942149152,3.699091843016504
399,-1.9387668837360557,-15.232853819617345,40934.625,0.9805461,40808.183980469956,0.9775173258612381,3.6927274437766755
400,-1.9366071404063099,-15.21587181981844,41411.996,0.991981,40811.873525714116,0.97760570505504,3.686363044536847
401,-1.9344473915710596,-15.198889820019536,41151.156,0.9857329,40815.55670655903,0.9776939317963208,3.679998645297019
402,-1.9322876372364222,-15.181907820220632,40751.21,0.9761526,40819.23352300471,0.9777820060850807,3.6736342460571905
403,-1.9301278774085135,-15.164925820421727,41009.445,0.98233837,40822.903975051144,0.9778699279213194,3.667269846817362
404,-1.927968112093451,-15.147943820622823,40880.156,0.9792414,40826.568062698345,0.9779576973050373,3.6609054475811718
405,-1.9258083412973515,-15.130961820823918,40744.17,0.97598404,40830.225785946306,0.9780453142362343,3.6545410483413434
406,-1.9236485650263313,-15.113979821025014,40781.98,0.97688967,40833.87714479503,0.9781327787149101,3.648176649097877
407,-1.9214887832865073,-15.09699782122611,40666.164,0.97411543,40837.5221392445,0.9782200907410649,3.6418122498580487
408,-1.919328996083997,-15.080015821427205,40502.863,0.9702037,40841.160769294744,0.9783072503146988,3.6354478506218584
409,-1.9171692034249177,-15.0630338216283,40723.906,0.97549856,40844.793034945746,0.9783942574358117,3.62908345138203
410,-1.9150094053153863,-15.046051821829396,40642.5,0.9735486,40848.41893619751,0.9784811121044035,3.6227190521385637
411,-1.9128496017615202,-15.029069822030491,40689.973,0.9746857,40852.03847305002,0.9785678143204741,3.6163546528987354
412,-1.9106897927694368,-15.012087822231587,40765.03,0.9764837,40855.651645503305,0.978654364084024,3.609990253662545
413,-1.908529978345254,-14.995105822432683,41062.37,0.98360616,40859.25845355735,0.9787407613950528,3.6036258544227167
414,-1.9063701584950887,-14.978123822633778,41245.74,0.9879985,40862.85889721215,0.9788270062535607,3.5972614551828883
415,-1.9042103332250597,-14.961141822834874,41140.02,0.9854661,40866.45297646771,0.9789130986595475,3.59089705594306
416,-1.9020505025412842,-14.94415982303597,41670.82,0.9981809,40870.04069132404,0.9789990386130133,3.5845326567032316
417,-1.89989066644988,-14.927177823237065,41044.11,0.9831687,40873.62204178112,0.9790848261139581,3.5781682574634033
418,-1.8977308249569647,-14.91019582343816,40882.547,0.97929865,40877.19702783896,0.9791704611623818,3.571803858227213
419,-1.8955709780686578,-14.893213823639256,41080.79,0.9840473,40880.765649497574,0.9792559437582848,3.5654394589873846
420,-1.8934111257910762,-14.876231823840351,40813.562,0.9776462,40884.32790675694,0.9793412739016666,3.5590750597439182
421,-1.8912512681303386,-14.859249824041447,41104.633,0.9846185,40887.88379961706,0.9794264515925274,3.55271066050409
422,-1.8890914050925631,-14.842267824242542,41141.07,0.9854913,40891.43332807795,0.9795114768308671,3.5463462612678995
423,-1.8869315366838688,-14.825285824443638,40973.723,0.9814827,40894.9764921396,0.9795963496166861,3.539981862028071
424,-1.8847716629103737,-14.808303824644733,41041.008,0.9830944,40898.513291802,0.9796810699499837,3.533617462784605
425,-1.8826117837781964,-14.791321824845829,40730.152,0.97564816,40902.04372706517,0.9797656378307604,3.5272530635484145
426,-1.8804518992934562,-14.774339825046924,40580.54,0.9720644,40905.5677979291,0.9798500532590164,3.520888664308586
427,-1.878292009462272,-14.75735782524802,40965.92,0.9812958,40909.085504393785,0.979934316234751,3.51452426506512
428,-1.8761321142907614,-14.740375825449116,40829.887,0.97803724,40912.59684645923,0.9800184267579648,3.5081598658289295
429,-1.8739722137850443,-14.723393825650211,40753.133,0.9761987,40916.10182412544,0.9801023848286576,3.501795466589101
430,-1.87181230795124,-14.706411825851307,40779.457,0.97682923,40919.60043739241,0.9801861904468293,3.495431067349273
431,-1.869652396795468,-14.689429826052402,40733.902,0.975738,40923.09268626014,0.9802698436124802,3.4890666681094444
432,-1.8674924803238464,-14.672447826253498,41025.652,0.9827266,40926.57857072863,0.9803533443256098,3.482702268869616
433,-1.8653325585424954,-14.655465826454593,40811.598,0.97759914,40930.05809079788,0.9804366925862186,3.4763378696334257
434,-1.8631726314575343,-14.638483826655689,40725.805,0.97554404,40933.531246467894,0.9805198883943065,3.4699734703899594
435,-1.8610126990750828,-14.621501826856784,40647.914,0.97367823,40936.99803773866,0.9806029317498731,3.463609071150131
436,-1.85885276140126,-14.60451982705788,40593.527,0.97237545,40940.458464610194,0.9806858226529188,3.4572446719139407
437,-1.856692818442186,-14.587537827258975,40764.047,0.9764601,40943.91252708249,0.9807685611034437,3.4508802726741123
438,-1.8545328702039812,-14.57055582746007,41067.234,0.9837226,40947.36022515554,0.9808511471014474,3.444515873430646
439,-1.8523729166927645,-14.553573827661165,41198.82,0.98687464,40950.80155882935,0.98093358064693,3.4381514741908177
440,-1.850212957914656,-14.53659182786226,40953.598,0.9810006,40954.236528103924,0.9810158617398917,3.4317870749546273
441,-1.8480529938757766,-14.519609828063356,41190.305,0.9866707,40957.66513297926,0.9810979903803325,3.425422675714799
442,-1.8458930245822462,-14.502627828264451,41441.69,0.99269235,40961.08737345535,0.9811799665682522,3.4190582764749706
443,-1.8437330500401847,-14.485645828465547,41236.08,0.9877671,40964.50324953221,0.981261790303651,3.4126938772351423
444,-1.8415730702557118,-14.468663828666642,41273.94,0.9886741,40967.912761209824,0.9813434615865287,3.406329477995314
445,-1.83941308523495,-14.451681828867738,40894.246,0.97957885,40971.3159084882,0.9814249804168854,3.3999650787554856
446,-1.8372530949840178,-14.434699829068833,40715.055,0.97528654,40974.712691367335,0.9815063467947212,3.3936006795156572
447,-1.835093099509037,-14.417717829269929,40736.71,0.9758053,40978.10310984723,0.9815875607200358,3.387236280275829
448,-1.8329330988161276,-14.400735829471024,41078.562,0.983994,40981.487163927886,0.9816686221928296,3.3808718810360006
449,-1.8307730929114112,-14.38375382967212,41140.113,0.9854684,40984.8648536093,0.9817495312131022,3.374507481796172
450,-1.828613081801008,-14.366771829873215,41089.176,0.9842482,40988.23617889148,0.9818302877808539,3.368143082559982
451,-1.8264530654910394,-14.349789830074311,40765.973,0.97650623,40991.60113977442,0.9819108918960847,3.3617786833201535
452,-1.824293043987626,-14.332807830275407,40944.184,0.98077506,40994.95973625812,0.9819913435587944,3.355414284076687
453,-1.8221330172968897,-14.315825830476502,40897.863,0.9796655,40998.311968342576,0.982071642768983,3.349049884836859
454,-1.8199729854249511,-14.298843830677598,40828.883,0.97801316,41001.65783602779,0.9821517895266506,3.3426854856006685
455,-1.817812948377931,-14.281861830878693,40939.797,0.98067,41004.99733931378,0.9822317838317974,3.33632108636084
456,-1.8156529061619524,-14.264879831079789,40785.31,0.9769694,41008.330478200514,0.982311625684423,3.329956687121012
457,-1.813492858783136,-14.247897831280884,40824.953,0.97791904,41011.65725268802,0.9823913150845278,3.3235922878811834
458,-1.8113328062476037,-14.23091583148198,41050.547,0.9833229,41014.97766277628,0.9824708520321114,3.317227888637717
459,-1.809172748561476,-14.213933831683075,40914.562,0.9800655,41018.291708465295,0.982550236527174,3.3108634894015267
460,-1.807012685730876,-14.19695183188417,41262.375,0.988397,41021.59938975508,0.9826294685697158,3.3044990901653364
461,-1.804852617761925,-14.179969832085266,41511.953,0.9943754,41024.900706645625,0.9827085481597365,3.29813469092187
462,-1.8026925446607451,-14.162987832286362,41296.105,0.989205,41028.19565913692,0.982787475297236,3.2917702916820417
463,-1.800532466433458,-14.146005832487457,41344.45,0.990363,41031.48424722899,0.9828662499822147,3.2854058924422134
464,-1.7983723830861866,-14.129023832688553,41561.773,0.9955688,41034.76647092181,0.9829448722146723,3.279041493202385
465,-1.7962122946250525,-14.112041832889648,41528.734,0.9947774,41038.042330215394,0.983023341994609,3.2726770939661947
466,-1.7940522010561784,-14.095059833090744,41476.58,0.993528,41041.31182510974,0.9831016593220246,3.2663126947227283
467,-1.7918921023856857,-14.07807783329184,41301.133,0.9893254,41044.57495560484,0.9831798241969192,3.2599482954829
468,-1.789731998619698,-14.061095833492935,40932.113,0.980486,41047.831721700706,0.9832578366192929,3.2535838962467096
469,-1.7875718897643376,-14.04411383369403,41211.414,0.9871763,41051.08212339733,0.9833356965891455,3.2472194970068813
470,-1.7854117758257264,-14.027131833895126,41384.402,0.9913201,41054.32616069472,0.9834134041064772,3.240855097767053
471,-1.783251656809988,-14.010149834096222,41190.516,0.9866757,41057.56383359287,0.9834909591712878,3.2344906985272246
472,-1.781091532723245,-13.993167834297317,41057.664,0.9834934,41060.795142091774,0.9835683617835775,3.2281262992837583
473,-1.7789314035716204,-13.976185834498413,41008.387,0.982313,41064.020086191435,0.983645611943346,3.221761900047568
474,-1.776771269361237,-13.959203834699508,40991.168,0.9819005,41067.23866589187,0.9837227096505937,3.2153975008077396
475,-1.774611130098218,-13.942221834900604,40921.79,0.9802386,41070.45088119305,0.9837996549053202,3.2090331015642732
476,-1.7724509857886865,-13.9252398351017,41052.62,0.98337257,41073.656732095,0.9838764477075258,3.202668702331721
477,-1.7702908364387653,-13.908257835302795,40979.395,0.9816185,41076.85621859771,0.9839530880572105,3.1963043030918925
478,-1.7681306820545788,-13.89127583550389,41129.26,0.98520845,41080.04934070118,0.9840295759543741,3.189939903848426
479,-1.7659705226422495,-13.874293835704986,41063.01,0.9836215,41083.23609840541,0.9841059113990167,3.183575504608598
480,-1.7638103582079012,-13.857311835906081,40881.254,0.97926766,41086.4164917104,0.9841820943911382,3.1772111053687695
481,-1.7616501887576574,-13.840329836107175,40814.055,0.977658,41089.59052061615,0.9842581249307388,3.170846706128941
482,-1.7594900142976422,-13.82334783630827,40732.723,0.97570974,41092.75818512266,0.9843340030178184,3.164482306892751
483,-1.7573298348339788,-13.806365836509366,40731.156,0.97567225,41095.91948522993,0.9844097286523771,3.1581179076529224
484,-1.7551696503727912,-13.789383836710462,40951.61,0.980953,41099.07442093796,0.9844853018344146,3.151753508409456
485,-1.7530094609202038,-13.772401836911557,40799.613,0.977312,41102.22299224675,0.9845607225639311,3.1453891091732658
486,-1.75084926648234,-13.755419837112653,40903.58,0.9798024,41105.36519915631,0.9846359908409268,3.1390247099334374
487,-1.7486890670653241,-13.738437837313748,40944.38,0.98077977,41108.50104166662,0.9847111066654013,3.132660310693609
488,-1.7465288626752806,-13.721455837514844,41163.254,0.98602265,41111.6305197777,0.984786070037355,3.1262959114537807
489,-1.7443686533183334,-13.70447383771594,41152.094,0.9857553,41114.75363348953,0.9848608809567875,3.1199315122139524
490,-1.742208439000607,-13.687491837917035,40877.78,0.9791845,41117.870382802124,0.9849355394236992,3.113567112974124
491,-1.7400482197282259,-13.67050983811813,40995.992,0.9820161,41120.980767715475,0.9850100454380896,3.1072027137342957
492,-1.7378879955073145,-13.653527838319226,41100.703,0.98452437,41124.08478822959,0.9850843989999591,3.1008383144944673
493,-1.7357277663439974,-13.636545838520322,40994.26,0.98197466,41127.182444344464,0.9851586001093077,3.094473915254639
494,-1.7335675322443995,-13.619563838721417,40757.41,0.97630113,41130.2737360601,0.9852326487661353,3.0881095160148107
495,-1.7314072932146454,-13.602581838922513,40736.9,0.97580975,41133.35866337649,0.9853065449704417,3.0817451167749823
496,-1.7292470492608598,-13.585599839123608,40758.01,0.97631556,41136.43722629365,0.9853802887222273,3.075380717538792
497,-1.7270868003891684,-13.568617839324704,40649.867,0.973725,41139.50942481157,0.9854538800214918,3.0690163182989636
498,-1.724926546605695,-13.5516358395258,41160.58,0.9859586,41142.57525893025,0.9855273188682354,3.0626519190591353
499,-1.7227662879165657,-13.534653839726895,41273.08,0.9886534,41145.63472864969,0.985600605262458,3.056287519815669
500,-1.7206060243279055,-13.51767183992799,41441.613,0.9926905,41148.68783396988,0.9856737392041593,3.0499231205758406
501,-1.7184457558458397,-13.500689840129086,41456.004,0.9930352,41151.73457489084,0.9857467206933399,3.04355872133965
502,-1.7162854824764935,-13.483707840330181,41244.25,0.98796284,41154.77495141256,0.9858195497299994,3.037194322099822
503,-1.7141252042259922,-13.466725840531277,41329.996,0.9900168,41157.80896353504,0.985892226314138,3.0308299228599935
504,-1.711964921100462,-13.449743840732372,41137.133,0.985397,41160.83661125828,0.9859647504457555,3.024465523620165
505,-1.7098046331060277,-13.432761840933468,41093.535,0.98435265,41163.85789458228,0.9860371221248521,3.018101124380337
506,-1.7076443402488155,-13.415779841134563,40904.94,0.9798351,41166.87281350704,0.9861093413514275,3.0117367251405085
507,-1.705484042534951,-13.398797841335659,40849.227,0.9785005,41169.88136803256,0.986181408125482,3.00537232590068
508,-1.7033237399705603,-13.381815841536755,40923.645,0.9802831,41172.88355815884,0.9862533224470155,2.999007926660852
509,-1.7011634325617688,-13.36483384173785,40915.305,0.98008335,41175.879383885884,0.986325084316028,2.9926435274210235
510,-1.6990031203147034,-13.347851841938946,40766.582,0.97652084,41178.868845213685,0.9863966937325194,2.986279128184833
511,-1.6968428032354892,-13.330869842140041,41061.613,0.983588,41181.85194214225,0.9864681506964901,2.9799147289450048
512,-1.6946824813302532,-13.313887842341137,41182.363,0.9864804,41184.828674671575,0.9865394552079395,2.9735503297015384
513,-1.6925221546051212,-13.296905842542232,41346.33,0.990408,41187.79904280166,0.9866106072668679,2.967185930465348
514,-1.6903618230662196,-13.279923842743328,41170.082,0.98618627,41190.763046532506,0.9866816068732756,2.9608215312255197
515,-1.6882014867196755,-13.262941842944423,41286.586,0.98897696,41193.72068586411,0.9867524540271619,2.9544571319820534
516,-1.6860411455716144,-13.245959843145519,41340.504,0.9902685,41196.67196079647,0.9868231487285274,2.948092732745863
517,-1.6838807996281637,-13.228977843346614,41416.59,0.99209106,41199.6168713296,0.9868936909773719,2.9417283335060347
518,-1.6817204488954498,-13.21199584354771,41316.613,0.98969626,41202.55541746348,0.9869640807736954,2.9353639342625684
519,-1.6795600933795996,-13.195013843748805,41383.617,0.99130124,41205.487599198124,0.9870343181174976,2.928999535026378
520,-1.6773997330867396,-13.178031843949901,41209.953,0.9871413,41208.413416533534,0.9871044030087792,2.9226351357901876
521,-1.675239368022997,-13.161049844150996,41293.43,0.9891409,41211.332869469705,0.9871743354475397,2.9162707365467213
522,-1.673078998194499,-13.144067844352092,41161.48,0.9859802,41214.24595800663,0.9872441154337791,2.909906337306893
523,-1.6709186236073723,-13.127085844553186,41030.0,0.9828307,41217.15268214432,0.9873137429674976,2.9035419380670646
524,-1.668758244267744,-13.110103844754281,41165.414,0.98607445,41220.05304188276,0.987383218048695,2.8971775388272363
525,-1.6665978601817417,-13.093121844955377,41096.957,0.9844346,41222.94703722197,0.9874525406773714,2.890813139591046
526,-1.6644374713554926,-13.076139845156472,41145.816,0.985605,41225.834668161944,0.987521710853527,2.8844487403475796
527,-1.6622770777951246,-13.059157845357568,40907.965,0.9799075,41228.71593470267,0.9875907285771612,2.8780843411077512
528,-1.6601166795067643,-13.042175845558663,40851.496,0.97855484,41231.59083684416,0.9876595938482747,2.871719941871561
529,-1.6579562764965396,-13.025193845759759,40730.188,0.975649,41234.45937458641,0.9877283066668672,2.8653555426317325
530,-1.6557958687705787,-13.008211845960854,40899.324,0.9797005,41237.32154792942,0.9877968670329387,2.858991143391904
531,-1.6536354563350086,-12.99122984616195,40800.938,0.9773438,41240.177356873195,0.9878652749464891,2.852626744152076
532,-1.6514750391959578,-12.974247846363046,40980.598,0.9816473,41243.02680141773,0.9879335304075185,2.8462623449122475
533,-1.6493146173595536,-12.957265846564141,40935.543,0.9805681,41245.86988156302,0.988001633416027,2.839897945668781
534,-1.6471541908319245,-12.940283846765237,41606.613,0.9966429,41248.706597309065,0.9880695839720142,2.833533546428953
535,-1.644993759619198,-12.923301846966332,41451.734,0.9929329,41251.53694865588,0.9881373820754806,2.8271691471964004
536,-1.6428333237275028,-12.906319847167428,41314.242,0.98963946,41254.36093560346,0.9882050277264262,2.820804747956572
537,-1.6406728831629664,-12.889337847368523,41191.89,0.98670864,41257.17855815179,0.9882725209248506,2.8144403487131058
538,-1.6385124379317182,-12.872355847569619,41416.39,0.9920863,41259.989816300884,0.9883398616707539,2.8080759494732774
539,-1.6363519880398856,-12.855373847770714,41407.348,0.9918697,41262.79471005074,0.9884070499641363,2.801711550233449
540,-1.6341915334935972,-12.83839184797181,41543.76,0.99513733,41265.59323940135,0.9884740858049977,2.7953471509936207
541,-1.6320310742989819,-12.821409848172905,41174.863,0.98630077,41268.385404352724,0.988540969193338,2.7889827517537924
542,-1.6298706104621683,-12.804427848374,40903.887,0.9798098,41271.17120490486,0.9886077001291574,2.782618352517602
543,-1.627710141989285,-12.787445848575096,40740.605,0.97589856,41273.95064105776,0.9886742786124559,2.7762539532777737
544,-1.6255496688864604,-12.770463848776192,40851.91,0.97856474,41276.723712811414,0.9887407046432333,2.7698895540343074
545,-1.623389191159824,-12.753481848977287,40826.43,0.9779544,41279.49042016583,0.9888069782214896,2.763525154798117
546,-1.6212287088155042,-12.736499849178383,41197.836,0.98685104,41282.25076312101,0.988873099347225,2.7571607555582887
547,-1.6190682218596304,-12.719517849379478,41183.453,0.9865065,41285.004741676945,0.9889390680204393,2.7507963563184603
548,-1.6169077302983315,-12.702535849580574,41043.246,0.98314804,41287.75235583365,0.9890048842411328,2.744431957078632
549,-1.6147472341377365,-12.68555384978167,41417.004,0.992101,41290.4936055911,0.989070548009305,2.7380675578351656
550,-1.6125867333839752,-12.668571849982765,41408.848,0.9919056,41293.22849094932,0.9891360593249563,2.7317031585989753
551,-1.6104262280431763,-12.65158985018386,41481.73,0.99365145,41295.9570119083,0.9892014181880867,2.725338759362785
552,-1.6082657181214695,-12.634607850384956,41434.023,0.9925087,41298.67916846804,0.9892666245986962,2.7189743601193186
553,-1.6061052036249843,-12.617625850586052,41441.406,0.99268556,41301.39496062854,0.9893316785567844,2.7126099608794902
554,-1.60394468455985,-12.600643850787147,41599.5,0.9964725,41304.1043883898,0.9893965800623519,2.7062455616433
555,-1.6017841609321968,-12.583661850988243,41652.47,0.9977413,41306.807451751825,0.9894613291153982,2.6998811623998336
556,-1.5996236327481541,-12.566679851189338,41255.15,0.9882239,41309.5041507146,0.9895259257159235,2.693516763160005
557,-1.5974631000138515,-12.549697851390434,41306.28,0.9894487,41312.194485278145,0.9895903698639278,2.687152363923815
558,-1.595302562735419,-12.53271585159153,41461.04,0.99315584,41314.87845544245,0.9896546615594112,2.6807879646803485
559,-1.5931420209189866,-12.515733851792625,41578.586,0.9959715,41317.556061207506,0.9897188008023734,2.67442356544052
560,-1.5909814745706843,-12.49875185199372,41978.49,1.0055507,41320.22730257333,0.9897827875928147,2.66805916620433
561,-1.5888209236966424,-12.481769852194816,41847.863,1.0024217,41322.892179539915,0.989846621930735,2.6616947669645015
562,-1.5866603683029907,-12.464787852395911,41614.746,0.9968377,41325.55069210726,0.9899103038161344,2.655330367724673
563,-1.5844998083958597,-12.447805852597007,41512.957,0.9943994,41328.202840275364,0.9899738332490127,2.648965968484845
564,-1.5823392439813797,-12.4308238527981,41507.12,0.99425966,41330.84862404423,0.9900372102293701,2.6426015692450164
565,-1.5801786750656812,-12.413841852999196,41182.17,0.9864758,41333.488043413854,0.9901004347572063,2.636237170005188
566,-1.5780181016548946,-12.396859853200292,41045.906,0.98321176,41336.12109838424,0.9901635068325216,2.6298727707653597
567,-1.5758575237551504,-12.379877853401387,41260.86,0.9883607,41338.747788955385,0.9902264264553159,2.6235083715255314
568,-1.5736969413725794,-12.362895853602483,41253.977,0.98819584,41341.36811512729,0.9902891936255892,2.617143972285703
569,-1.571536354513312,-12.345913853803578,41528.586,0.9947738,41343.982076899956,0.9903518083433415,2.6107795730495127
570,-1.5693757631834795,-12.328931854004674,41735.82,0.9997379,41346.58967427339,0.9904142706085729,2.6044151738096843
571,-1.5672151673892123,-12.31194985420577,41565.15,0.99564964,41349.190907247576,0.9904765804212832,2.598050774566218
572,-1.5650545671366416,-12.294967854406865,41636.496,0.9973587,41351.78577582252,0.9905387377814724,2.5916863753263897
573,-1.5628939624318983,-12.27798585460796,41463.68,0.9932191,41354.37427999823,0.9906007426891407,2.5853219760865613
574,-1.5607333532811134,-12.261003854809056,41581.637,0.9960446,41356.956419774695,0.9906625951442879,2.578957576850371
575,-1.5585727396904185,-12.244021855010152,41369.336,0.99095917,41359.53219515193,0.9907242951469142,2.5725931776105426
576,-1.5564121216659446,-12.227039855211247,41297.24,0.9892321,41362.101606129916,0.9907858426970194,2.5662287783707143
577,-1.554251499213823,-12.210057855412343,41378.34,0.9911748,41364.66465270867,0.9908472377946038,2.559864379130886
578,-1.552090872340185,-12.193075855613438,41341.8,0.9902996,41367.22133488818,0.990908480439667,2.5534999798910576
579,-1.549930241051162,-12.176093855814534,41460.336,0.99313897,41369.77165266845,0.9909695706322094,2.5471355806512292
580,-1.547769605352886,-12.15911185601563,41578.67,0.9959736,41372.31560604948,0.9910305083722305,2.540771181411401
581,-1.5456089652514884,-12.142129856216725,41577.62,0.99594843,41374.853195031275,0.9910912936597308,2.5344067821715726
582,-1.5434483207531007,-12.12514785641782,41468.26,0.9933288,41377.38441961382,0.99115192649471,2.528042382931744
583,-1.541287671863855,-12.108165856618916,41506.223,0.99423814,41379.90927979714,0.9912124068771683,2.521677983691916
584,-1.539127018589883,-12.091183856820011,41652.805,0.9977493,41382.42777558121,0.9912727348071054,2.5153135844520875
585,-1.5369663609373165,-12.074201857021107,41804.777,1.0013897,41384.93990696604,0.9913329102845218,2.508949185215897
586,-1.5348056989122878,-12.057219857222202,41784.664,1.0009079,41387.44567395164,0.991392933309417,2.502584785972431
587,-1.5326450325209287,-12.040237857423298,41548.26,0.99524516,41389.94507653799,0.9914528038817911,2.4962203867326025
588,-1.5304843617693713,-12.023255857624394,41523.855,0.9946605,41392.438114725104,0.9915125220016444,2.489855987496412
589,-1.528323686663748,-12.006273857825489,41526.223,0.99471724,41394.92478851298,0.9915720876689766,2.483491588256584
590,-1.5261630072101915,-11.989291858026585,42125.21,1.0090654,41397.40509790162,0.9916315008837879,2.4771271890167554
591,-1.5240023234148334,-11.97230985822768,41490.39,0.9938589,41399.879042891014,0.9916907616460782,2.470762789776927
592,-1.5218416352838067,-11.955327858428776,41097.777,0.9844543,41402.34662348117,0.9917498699558474,2.4643983905334608
593,-1.5196809428232434,-11.938345858629871,41311.527,0.98957443,41404.80783967208,0.9918088258130954,2.4580339912972704
594,-1.5175202460392767,-11.921363858830967,41282.98,0.9888906,41407.262691463766,0.9918676292178228,2.451669592057442
595,-1.515359544938039,-11.904381859032062,40953.32,0.9809939,41409.711178856196,0.9919262801700288,2.4453051928139757
596,-1.513198839525663,-11.887399859233158,41196.863,0.98682773,41412.153301849394,0.991984778669714,2.4389407935814233
597,-1.5110381298082813,-11.870417859434253,41179.812,0.9864193,41414.58906044336,0.9920431247168784,2.432576394341595
598,-1.5088774157920275,-11.853435859635349,41392.99,0.9915257,41417.01845463808,0.9921013183115216,2.4262119950981287
599,-1.5067166974830337,-11.836453859836444,41552.36,0.99534327,41419.441484433555,0.9921593594536438,2.4198475958583003
600,-1.5045559748874338,-11.81947186003754,41595.44,0.99637526,41421.85814982979,0.9922172481432449,2.413483196618472
601,-1.5023952480113598,-11.802489860238635,41764.0,1.000413,41424.26845082679,0.992274984380325,2.4071187973786436
602,-1.500234516860946,-11.785507860439731,41864.316,1.0028158,41426.67238742455,0.9923325681648841,2.4007543981424533
603,-1.498073781442325,-11.768525860640827,41592.38,0.99630195,41429.06995962308,0.9923899994969224,2.394389998902625
604,-1.4959130417616302,-11.751543860841922,41623.688,0.9970519,41431.461167422356,0.9924472783764395,2.3880255996591586
605,-1.4937522978249955,-11.734561861043018,41198.547,0.9868681,41433.846010822395,0.9925044048034357,2.3816612004229682
606,-1.4915915496385537,-11.717579861244111,41010.74,0.9823693,41436.2244898232,0.992561378777911,2.37529680118314
607,-1.4894307972084389,-11.700597861445207,41469.855,0.993367,41438.59660442476,0.992618200299865,2.3689324019433116
608,-1.4872700405407842,-11.683615861646302,41417.73,0.9921184,41440.96235462709,0.9926748693692983,2.362568002703483
609,-1.4851092796417238,-11.666633861847398,41300.91,0.9893201,41443.32174043017,0.9927313859862104,2.356203603460017
610,-1.4829485145173908,-11.649651862048493,41389.51,0.99144244,41445.67476183401,0.9927877501506015,2.3498392042238265
611,-1.4807877451739198,-11.632669862249589,41311.82,0.9895814,41448.021418838616,0.9928439618624717,2.343474804987636
612,-1.478626971617444,-11.615687862450685,41449.355,0.99287593,41450.361711443984,0.992900021121821,2.33711040574417
613,-1.4764661938540982,-11.59870586265178,41330.56,0.9900303,41452.695639650105,0.992955927928649,2.3307460065043415
614,-1.4743054118900154,-11.581723862852876,41280.438,0.9888297,41455.02320345699,0.9930116822829561,2.324381607264513
615,-1.4721446257313309,-11.564741863053971,41377.605,0.99115723,41457.34440286463,0.9930672841847422,2.318017208024685
616,-1.4699838353841779,-11.547759863255067,41344.977,0.99037564,41459.65923787304,0.9931227336340074,2.3116528087884944
617,-1.4678230408546908,-11.530777863456162,41127.43,0.9851645,41461.96770848221,0.9931780306307515,2.305288409548666
618,-1.4656622421490049,-11.513795863657258,40903.55,0.9798018,41464.26981469214,0.9932331751749747,2.2989240103051998
619,-1.4635014392732535,-11.496813863858353,40934.07,0.9805328,41466.56555650282,0.9932881672666767,2.2925596110653714
620,-1.4613406322335716,-11.479831864059449,40825.13,0.9779233,41468.85493391427,0.9933430069058579,2.286195211829181
621,-1.4591798210360936,-11.462849864260544,40940.99,0.9806985,41471.13794692648,0.993397694092518,2.2798308125893527
622,-1.457019005686954,-11.44586786446164,41110.19,0.98475164,41473.41459553945,0.9934522288266571,2.2734664133495244
623,-1.4548581861922878,-11.428885864662735,41415.113,0.9920557,41475.68487975318,0.9935066111082752,2.267102014109696
624,-1.4526973625582296,-11.411903864863831,41761.023,1.0003417,41477.94879956767,0.9935608409373723,2.2607376148698677
625,-1.4505365347909143,-11.394921865064926,41807.023,1.0014435,41480.20635498292,0.9936149183139484,2.2543732156300393
626,-1.4483757028964768,-11.377939865266022,41660.855,0.9979422,41482.45754599893,0.9936688432380035,2.248008816390211
627,-1.4462148668810515,-11.360957865467118,41730.996,0.99962234,41484.7023726157,0.9937226157095376,2.2416444171503827
628,-1.4440540267507744,-11.343975865668213,41651.367,0.99771494,41486.94083483323,0.9937762357285507,2.2352800179105543
629,-1.44189318251178,-11.326993865869309,41677.086,0.998331,41489.17293265152,0.9938297032950427,2.228915618670726
630,-1.439732334170204,-11.310011866070404,41577.574,0.9959473,41491.39866607057,0.9938830184090138,2.2225512194345356
631,-1.437571481732181,-11.2930298662715,41523.645,0.9946555,41493.61803509039,0.993936181070464,2.2161868201947073
632,-1.4354106252038465,-11.276047866472595,41441.625,0.99269074,41495.83103971096,0.993989191279393,2.209822420951241
633,-1.4332497645913362,-11.25906586667369,41716.17,0.9992673,41498.03767993229,0.9940420490358011,2.2034580217114126
634,-1.4310888999007854,-11.242083866874786,41613.316,0.99680346,41500.23795575438,0.9940947543396881,2.197093622475222
635,-1.4289280311383297,-11.225101867075882,41280.55,0.9888324,41502.43186717724,0.9941473071910543,2.190729223235394
636,-1.4267671583101045,-11.208119867276977,41706.676,0.99903977,41504.61941420085,0.9941997075898993,2.1843648239919276
637,-1.4246062814222458,-11.191137867478073,41671.613,0.9981999,41506.800596825226,0.9942519555362233,2.178000424755737
638,-1.4224454004808889,-11.174155867679168,41547.473,0.99522626,41508.975415050365,0.9943040510300264,2.171636025515909
639,-1.4202845154921702,-11.157173867880264,41536.707,0.99496835,41511.14386887626,0.9943559940713084,2.1652716262760805
640,-1.4181236264622246,-11.14019186808136,41708.46,0.99908257,41513.30595830292,0.9944077846600695,2.158907227036252
641,-1.4159627333971894,-11.123209868282455,41548.215,0.995244,41515.46168333033,0.9944594227963095,2.152542827796424
642,-1.4138018363031992,-11.10622786848355,41576.418,0.9959196,41517.61104395851,0.9945109084800287,2.1461784285602334
643,-1.4116409351863912,-11.089245868684646,41182.86,0.98649234,41519.75404018745,0.9945622417112268,2.139814029316767
644,-1.4094800300529011,-11.072263868885742,40772.664,0.9766665,41521.89067201714,0.9946134224899037,2.1334496300769388
645,-1.4073191209088651,-11.055281869086837,41512.52,0.994389,41524.020939447604,0.9946644508160597,2.1270852308407484
646,-1.4051582077604194,-11.038299869287933,41751.01,1.0001018,41526.144842478825,0.9947153266896949,2.120720831597282
647,-1.4029972906137007,-11.021317869489028,41693.203,0.99871707,41528.2623811108,0.9947660501108088,2.1143564323574537
648,-1.4008363694748454,-11.004335869690122,41873.758,1.0030421,41530.37355534354,0.9948166210794018,2.1079920331212634
649,-1.3986754443499896,-10.987353869891217,41981.957,1.0056338,41532.47836517704,0.9948670395954738,2.101627633881435
650,-1.39651451524527,-10.970371870092313,41997.08,1.0059961,41534.5768106113,0.9949173056590249,2.0952632346416067
651,-1.3943535821668236,-10.953389870293408,41855.504,1.0026048,41536.668891646324,0.9949674192700549,2.0888988354017783
652,-1.3921926451207867,-10.936407870494504,41781.207,1.000825,41538.754608282106,0.9950173804285639,2.082534436158312
653,-1.3900317041132964,-10.9194258706956,41889.723,1.0034245,41540.83396051864,0.9950671891345518,2.0761700369184837
654,-1.387870759150489,-10.902443870896695,41847.164,1.002405,41542.90694835594,0.9951168453880188,2.0698056376822933
655,-1.385709810238502,-10.88546187109779,41644.613,0.99755317,41544.973571794006,0.9951663491889647,2.063441238442465
656,-1.3835488573834718,-10.868479871298886,41756.57,1.000235,41547.03383083283,0.9952157005373898,2.0570768392026366
657,-1.3813879005915357,-10.851497871499982,41782.543,1.0008571,41549.08772547241,0.9952648994332938,2.0507124399628083
658,-1.3792269398688313,-10.834515871701077,41834.13,1.0020928,41551.135255712754,0.9953139458766768,2.044348040726618
659,-1.377065975221495,-10.817533871902173,41804.62,1.0013859,41553.176421553864,0.9953628398675388,2.0379836414867896
660,-1.3749050066556645,-10.800551872103268,41874.938,1.0030704,41555.21122299573,0.9954115814058798,2.0316192422433232
661,-1.3727440341774768,-10.783569872304364,41619.87,0.99696046,41557.23966003835,0.9954601704916998,2.025254843003495
662,-1.3705830577930693,-10.76658787250546,41440.332,0.9926598,41559.261732681734,0.9955086071249987,2.0188904437673045
663,-1.3684220775085798,-10.749605872706555,41413.812,0.99202454,41561.277440925885,0.9955568913057768,2.012526044527476
664,-1.3662610933301456,-10.73262387290765,41277.645,0.9887628,41563.28678477079,0.9956050230340338,2.00616164528401
665,-1.3641001052639044,-10.715641873108746,41250.93,0.9881229,41565.28976421645,0.9956530023097696,1.9997972460478195
666,-1.3619391133159933,-10.698659873309841,41404.54,0.9918024,41567.286379262885,0.9957008291329847,1.9934328468079912
667,-1.3597781174925505,-10.681677873510937,41288.133,0.989014,41569.27662991007,0.9957485035036786,1.9870684475645248
668,-1.3576171177997138,-10.664695873712033,41847.125,1.0024041,41571.260516158014,0.9957960254218514,1.9807040483283345
669,-1.3554561142436208,-10.647713873913128,41823.24,1.0018319,41573.238038006726,0.9958433948875035,1.9743396490885061
670,-1.3532951068304093,-10.630731874114224,41695.12,0.998763,41575.20919545619,0.9958906119006343,1.9679752498486778
671,-1.3511340955662179,-10.61374987431532,41472.055,0.9934197,41577.17398850642,0.9959376764612444,1.9616108506088494
672,-1.348973080457184,-10.596767874516415,41429.37,0.99239725,41579.13241715741,0.9959845885693333,1.955246451369021
673,-1.3468120615094459,-10.57978587471751,41274.46,0.9886865,41581.08448140916,0.9960313482249012,1.9488820521328307
674,-1.3446510387291415,-10.562803874918606,41329.348,0.99000126,41583.030181261674,0.9960779554279482,1.9425176528893644
675,-1.3424900121224097,-10.545821875119701,41436.29,0.99256295,41584.96951671494,0.9961244101784741,1.936153253649536
676,-1.340328981695388,-10.528839875320797,41491.754,0.99389154,41586.90248776897,0.996170712476479,1.9297888544133457
677,-1.3381679474542152,-10.511857875521892,41620.055,0.9969649,41588.82909442377,0.996216862321963,1.9234244551735173
678,-1.33600690940503,-10.494875875722988,41965.133,1.0052309,41590.74933667932,0.996262859714926,1.917060055930051
679,-1.3338458675539702,-10.477893875924083,41764.094,1.0004152,41592.66321453563,0.9963087046553678,1.9106956566902227
680,-1.3316848219071749,-10.460911876125179,41659.434,0.9979082,41594.5707279927,0.9963543971432887,1.9043312574540323
681,-1.3295237724707827,-10.443929876326274,41628.594,0.99716944,41596.471877050535,0.9963999371786886,1.897966858214204
682,-1.3273627192509319,-10.42694787652737,41382.24,0.9912682,41598.36666170913,0.9964453247615676,1.8916024589743756
683,-1.3252016622537615,-10.409965876728466,41389.555,0.99144346,41600.255081968484,0.9964905598919255,1.8852380597345473
684,-1.3230406014854104,-10.392983876929561,41558.336,0.99548644,41602.1371378286,0.9965356425697623,1.878873660494719
685,-1.320879536952017,-10.376001877130657,41477.91,0.99355996,41604.01282928947,0.9965805727950783,1.8725092612548906
686,-1.318718468659721,-10.359019877331752,41372.34,0.9910311,41605.88215635111,0.9966253505678732,1.8661448620150622
687,-1.3165573966146609,-10.342037877532848,41331.996,0.99006474,41607.7451190135,0.996669975888147,1.859780462775234
688,-1.3143963208229759,-10.325055877733943,41342.797,0.9903234,41609.60171727666,0.9967144487558999,1.8534160635354056
689,-1.312235241290805,-10.308073877935039,41270.434,0.98859006,41611.451951140574,0.9967587691711318,1.8470516642955772
690,-1.3100741580242876,-10.291091878136132,41323.508,0.98986137,41613.29582060525,0.9968029371338426,1.8406872650593868
691,-1.3079130710295626,-10.274109878337228,41238.363,0.9878219,41615.13332567069,0.9968469526440327,1.8343228658195585
692,-1.30575198031277,-10.257127878538324,41197.996,0.9868549,41616.96446633689,0.9968908157017015,1.8279584665760922
693,-1.3035908858800487,-10.240145878739419,41250.715,0.9881177,41618.789242603845,0.9969345263068493,1.8215940673362638
694,-1.301429787737538,-10.223163878940515,41336.637,0.9901759,41620.60765447156,0.9969780844594761,1.8152296681000735
695,-1.299268685891378,-10.20618187914161,41346.508,0.99041235,41622.419701940045,0.9970214901595821,1.8088652688602451
696,-1.2971075803477077,-10.189199879342706,41543.8,0.9951383,41624.22538500928,0.9970647434071669,1.8025008696167788
697,-1.2949464711126673,-10.172217879543801,41316.484,0.98969316,41626.02470367928,0.9971078442022306,1.7961364703805884
698,-1.2927853581923958,-10.155235879744897,41500.996,0.99411297,41627.81765795004,0.9971507925447736,1.78977207114076
699,-1.2906242415930336,-10.138253879945992,41613.637,0.99681115,41629.60424782156,0.9971935884347954,1.7834076719009317
700,-1.28846312132072,-10.121271880147088,41746.75,0.9999997,41631.384473293845,0.9972362318722964,1.7770432726611034
701,-1.2863019973815957,-10.104289880348183,41616.61,0.9968823,41633.15833436688,0.997278722857276,1.770678873421275
702,-1.2841408697817995,-10.087307880549279,41843.395,1.0023147,41634.92583104069,0.997321061389735,1.7643144741814467
703,-1.2819797385274725,-10.070325880750374,41515.74,0.99446607,41636.686963315246,0.9973632474696728,1.7579500749416184
704,-1.2798186036247543,-10.05334388095147,41860.695,1.0027292,41638.44173119057,0.9974052810970896,1.751585675705428
705,-1.277657465079785,-10.036361881152565,41557.71,0.9954715,41640.19013466666,0.9974471622719855,1.7452212764619617
706,-1.2754963228987046,-10.019379881353661,41669.363,0.998146,41641.932173743495,0.9974888909943602,1.7388568772221333
707,-1.2733351770876538,-10.002397881554757,41638.77,0.99741316,41643.6678484211,0.9975304672642141,1.732492477985943
708,-1.2711740276527732,-9.985415881755852,41611.07,0.99674964,41645.39715869947,0.997571891081547,1.7261280787461146
709,-1.2690128746002023,-9.968433881956948,41645.152,0.99756604,41647.12010457859,0.9976131624463588,1.7197636795062863
710,-1.2668517179360823,-9.951451882158043,41970.594,1.0053617,41648.83668605848,0.9976542813586496,1.71339928026282
711,-1.2646905576665533,-9.934469882359139,41786.625,1.0009549,41650.54690313912,0.9976952478184192,1.7070348810229916
712,-1.262529393797756,-9.917487882560234,41356.44,0.9906503,41652.250755820525,0.9977360618256681,1.7006704817868012
713,-1.2603682263358311,-9.90050588276133,41257.13,0.98827136,41653.94824410269,0.9977767233803959,1.694306082546973
714,-1.2582070552869191,-9.883523882962425,41360.27,0.99074197,41655.63936798562,0.9978172324826027,1.6879416833071446
715,-1.256045880657161,-9.86654188316352,41654.586,0.997792,41657.32412746931,0.9978575891322885,1.6815772840673162
716,-1.2538847024526978,-9.849559883364616,41963.906,1.0052015,41659.002522553754,0.9978977933294533,1.6752128848274879
717,-1.2517235206796697,-9.832577883565712,41878.055,1.003145,41660.67455323896,0.9979378450740971,1.6688484855876595
718,-1.2495623353442182,-9.815595883766807,41725.32,0.9994864,41662.34021952493,0.9979777443662199,1.6624840863514692
719,-1.2474011464524843,-9.798613883967903,42033.047,1.0068576,41663.999521411664,0.9980174912058217,1.6561196871116408
720,-1.2452399540106087,-9.781631884168998,42111.582,1.0087389,41665.65245889915,0.9980570855929025,1.6497552878681745
721,-1.2430787580247329,-9.764649884370094,42296.805,1.0131757,41667.2990319874,0.9980965275274623,1.6433908886283461
722,-1.2409175585009977,-9.74766788457119,41835.938,1.0021361,41668.93924067641,0.998135817009501,1.6370264893885178
723,-1.238756355445545,-9.730685884772285,41665.277,0.9980481,41670.57308496618,0.9981749540390187,1.6306620901523274
724,-1.2365951488645155,-9.71370388497338,41693.902,0.9987338,41672.200564856714,0.9982139386160156,1.624297690912499
725,-1.2344339387640506,-9.696721885174476,41680.88,0.99842185,41673.821680348,0.9982527707404913,1.6179332916690328
726,-1.2322727251502918,-9.679739885375572,41836.473,1.002149,41675.43643144005,0.998291450412446,1.6115688924328424
727,-1.230111508029381,-9.662757885576667,42003.03,1.0061387,41677.04481813287,0.9983299776318799,1.605204493193014
728,-1.2279502874074593,-9.645775885777763,42020.066,1.0065467,41678.64684042644,0.9983683523987925,1.5988400939531857
729,-1.2257890632906683,-9.628793885978858,41979.406,1.0055728,41680.242498320775,0.9984065747131844,1.5924756947133574
730,-1.2236278356851498,-9.611811886179954,41842.18,1.0022856,41681.831791815865,0.998444644575055,1.586111295473529
731,-1.2214666045970457,-9.59482988638105,41706.715,0.9990407,41683.41472091172,0.9984825619844049,1.5797468962337007
732,-1.2193053700324974,-9.577847886582143,41600.51,0.99649674,41684.99128560833,0.9985203269412335,1.5733824969938723
733,-1.2171441319976473,-9.560865886783239,41436.637,0.9925713,41686.56148590571,0.9985579394455413,1.567018097757682
734,-1.2149828904986364,-9.543883886984334,41648.57,0.99764794,41688.12532180385,0.9985953994973281,1.5606536985142156
735,-1.2128216455416072,-9.52690188718543,41752.04,1.0001264,41689.68279330274,0.9986327070965937,1.5542892992743873
736,-1.2106603971327021,-9.509919887386525,41825.914,1.001896,41691.233900402396,0.9986698622433385,1.547924900038197
737,-1.2084991452780627,-9.49293788758762,41617.203,0.99689656,41692.778643102814,0.9987068649375622,1.5415605007947306
738,-1.206337889983831,-9.475955887788716,41927.695,1.0043341,41694.317021403986,0.9987437151792649,1.5351961015549023
739,-1.2041766312561497,-9.458973887989812,41534.22,0.99490875,41695.849035305924,0.9987804129684466,1.528831702318712
740,-1.2020153691011608,-9.441991888190907,41120.87,0.98500746,41697.37468480862,0.9988169583051073,1.5224673030788836
741,-1.1998541035250065,-9.425009888392003,41219.55,0.9873712,41698.89396991208,0.998853351189247,1.5161029038390552
742,-1.1976928345338294,-9.408027888593098,41542.453,0.995106,41700.4068906163,0.9988895916208658,1.5097385045992269
743,-1.1955315621337717,-9.391045888794194,41476.9,0.9935357,41701.91344692128,0.9989256795999635,1.5033741053593985
744,-1.193370286330976,-9.37406388899529,41605.996,0.9966281,41703.41363882702,0.9989616151265401,1.4970097061195702
745,-1.191209007131585,-9.357081889196385,41582.527,0.9960659,41704.90746633352,0.9989973982005959,1.4906453068797418
746,-1.1890477245417412,-9.34009988939748,41701.082,0.9989058,41706.39492944078,0.9990330288221305,1.4842809076399135
747,-1.1868864385675868,-9.323117889598576,41701.812,0.9989233,41707.8760281488,0.9990685069911442,1.4779165084000851
748,-1.1847251492152653,-9.306135889799672,41805.31,1.0014024,41709.35076245758,0.9991038327076369,1.4715521091602568
749,-1.1825638564909189,-9.289153890000767,41691.184,0.9986687,41710.81913236712,0.9991390059716085,1.4651877099204285
750,-1.1804025604006907,-9.272171890201863,41711.664,0.9991593,41712.28113787742,0.9991740267830592,1.4588233106806001
751,-1.1782412609507238,-9.255189890402958,41596.14,0.996392,41713.73677898848,0.9992088951419889,1.4524589114444098
752,-1.1760799581471606,-9.238207890604054,41585.133,0.9961283,41715.18605570031,0.9992436110483977,1.4460945122045814
753,-1.1739186519961449,-9.22122589080515,41583.883,0.9960984,41716.62896801289,0.9992781745022853,1.439730112961115
754,-1.1717573425038186,-9.204243891006245,41495.336,0.99397737,41718.06551592623,0.9993125855036519,1.4333657137212867
755,-1.169596029676326,-9.18726189120734,41613.03,0.9967966,41719.49569944033,0.9993468440524975,1.4270013144850964
756,-1.1674347135198095,-9.170279891408436,41635.99,0.9973465,41720.9195185552,0.9993809501488222,1.420636915245268
757,-1.1652733940404127,-9.153297891609531,41378.16,0.9911705,41722.33697327082,0.9994149037926259,1.4142725160054397
758,-1.1631120712442788,-9.136315891810627,41678.695,0.9983695,41723.74806358721,0.9994487049839086,1.4079081167656113
759,-1.1609507451375514,-9.119333892011722,41649.82,0.99767786,41725.152789504355,0.9994823537226701,1.401543717525783
760,-1.1587894157263732,-9.102351892212818,41679.43,0.99838716,41726.551151022264,0.9995158500089109,1.3951793182859547
761,-1.1566280830168885,-9.085369892413913,41488.867,0.9938224,41727.94314814093,0.9995491938426304,1.3888149190461263
762,-1.1544667470152403,-9.068387892615009,41548.312,0.99524635,41729.328780860356,0.9995823852238291,1.382450519806298
763,-1.1523054077275723,-9.051405892816105,41777.816,1.0007439,41730.70804918054,0.9996154241525066,1.3760861205664696
764,-1.1501440651600283,-9.0344238930172,42153.52,1.0097435,41732.08095310149,0.9996483106286633,1.3697217213302793
765,-1.1479827193187515,-9.017441893218296,42014.63,1.0064164,41733.4474926232,0.999681044652299,1.363357322086813
766,-1.1458213702098863,-9.000459893419391,41932.48,1.0044487,41734.80766774566,0.9997136262234135,1.3569929228469846
767,-1.143660017839576,-8.983477893620487,41769.88,1.0005537,41736.16147846889,0.9997460553420072,1.3506285236107942
768,-1.141498662213965,-8.966495893821582,41952.332,1.0049242,41737.508924792884,0.9997783320080799,1.3442641243709659
769,-1.1393373033391963,-8.949513894022678,41801.285,1.001306,41738.850006717636,0.9998104562216314,1.3378997251274996
770,-1.1371759412214149,-8.932531894223773,41473.08,0.9934442,41740.18472424314,0.999842427982662,1.3315353258876712
771,-1.1350145758667638,-8.915549894424869,41700.098,0.99888223,41741.51307736941,0.9998742472911716,1.3251709266514808
772,-1.132853207281388,-8.898567894625964,41998.914,1.0060401,41742.83506609644,0.9999059141471602,1.3188065274116525
773,-1.1306918354714313,-8.88158589482706,41873.26,1.0030302,41744.150690424234,0.9999374285506278,1.3124421281718242
774,-1.1285304604430377,-8.864603895028154,41827.234,1.0019276,41745.459950352786,0.9999687905015744,1.3060777289319958
775,-1.1263690822023515,-8.84762189522925,41774.855,1.0006729,41746.7628458821,1.0,1.3028955293120816
